dist,x,y,dsm,dtm
200.0732365,241180.5291,79189.07305,276.829987,240.934113
215.4634855,241194.1174,79196.29937,267.600006,241.50177
230.8537345,241207.7056,79203.52568,278.76001,241.674255
246.2439834,241221.2939,79210.75199,269.01001,241.329987
261.6342324,241234.8821,79217.97831,269.679993,240.703812
277.0244814,241248.4703,79225.20462,283.75,239.580002
292.4147303,241262.0586,79232.43093,276.470001,237.417068
307.8049793,241275.6468,79239.65725,288.209991,235.540649
323.1952283,241289.235,79246.88356,302.559998,233.569305
338.5854772,241302.8233,79254.10988,260.829987,231.349777
353.9757262,241316.4115,79261.33619,249.119995,229.364151
369.3659752,241329.9997,79268.5625,233.619995,228.442444
384.7562241,241343.588,79275.78882,227.740005,227.582001
400.1464731,241357.1762,79283.01513,244.210007,227.855988
415.536722,241370.7644,79290.24144,230.440002,228.054138
430.926971,241384.3527,79297.46776,229.809998,228.22348
446.31722,241397.9409,79304.69407,233.320007,227.918289
461.7074689,241411.5292,79311.92039,256.549988,227.642654
477.0977179,241425.1174,79319.1467,234.529999,227.632904
492.4879669,241438.7056,79326.37301,252.570007,227.49144
507.8782158,241452.2939,79333.59933,254.690002,227.515625
523.2684648,241465.8821,79340.82564,230.300003,227.429504
538.6587138,241479.4703,79348.05195,231.039993,229.178375
554.0489627,241493.0586,79355.27827,230.770004,228.495361
569.4392117,241506.6468,79362.50458,229.949997,227.557465
584.8294607,241520.235,79369.73089,232.350006,226.880157
600.2197096,241533.8233,79376.95721,230.820007,226.759995
615.6099586,241547.4115,79384.18352,245.210007,228.014816
631.0002076,241560.9997,79391.40984,253.630005,230.568817
646.3904565,241574.588,79398.63615,258.200012,232.170227
661.7807055,241588.1762,79405.86246,257.859985,232.63147
677.1709544,241601.7645,79413.08878,265.119995,232.023895
692.5612034,241615.3527,79420.31509,267.51001,231.057404
707.9514524,241628.9409,79427.5414,264.450012,229.272766
723.3417013,241642.5292,79434.76772,265.429993,226.765854
738.7319503,241656.1174,79441.99403,265.220001,226.583694
754.1221993,241669.7056,79449.22035,252.949997,226.720459
769.5124482,241683.2939,79456.44666,250.330002,224.985306
784.9026972,241696.8821,79463.67297,256.940002,225.962967
800.2929462,241710.4703,79470.89929,246.369995,226.38118
815.6831951,241724.0586,79478.1256,251.729996,225.544418
831.0734441,241737.6468,79485.35191,244.220001,225.418625
846.4636931,241751.2351,79492.57823,228.309998,225.839996
861.853942,241764.8233,79499.80454,258.079987,230.226669
877.244191,241778.4115,79507.03086,277.079987,232.787903
892.63444,241791.9998,79514.25717,273.720001,234.400299
908.0246889,241805.588,79521.48348,262.799988,235.419388
923.4149379,241819.1762,79528.7098,264.790009,235.821716
938.8051868,241832.7645,79535.93611,264.170013,235.49176
954.1954358,241846.3527,79543.16242,263.170013,235
969.5856848,241859.9409,79550.38874,280.140015,233.664597
984.9759337,241873.5292,79557.61505,274.519989,232.10759
1000.366183,241887.1174,79564.84137,261.570007,229.736588
1015.756432,241900.7056,79572.06768,258.130005,227.487991
1031.146681,241914.2939,79579.29399,250.710007,223.799042
1046.53693,241927.8821,79586.52031,234.919998,220.289703
1061.927179,241941.4704,79593.74662,248.520004,218.832977
1077.317428,241955.0586,79600.97293,259.26001,220.525406
1092.707677,241968.6468,79608.19925,243.080002,222.200256
1108.097925,241982.2351,79615.42556,256.420013,225.39183
1123.488174,241995.8233,79622.65187,254.229996,227.882126
1138.878423,242009.4115,79629.87819,276.070007,230.346649
1154.268672,242022.9998,79637.1045,279.309998,232.031448
1169.658921,242036.588,79644.33082,250.339996,233.43631
1185.04917,242050.1762,79651.55713,252.720001,233.89415
1200.439419,242063.7645,79658.78344,277.769989,233.535843
1215.829668,242077.3527,79666.00976,267.149994,232.660492
1231.219917,242090.9409,79673.23607,271.959991,231.747635
1246.610166,242104.5292,79680.46238,267.309998,230.43512
1262.000415,242118.1174,79687.6887,265.790009,229.013489
1277.390664,242131.7057,79694.91501,244.960007,227.583298
1292.780913,242145.2939,79702.14133,261.880005,225.486877
1308.171162,242158.8821,79709.36764,260.549988,223.130005
1323.561411,242172.4704,79716.59395,242.220001,219.436493
1338.95166,242186.0586,79723.82027,225.789993,218.019989
1354.341909,242199.6468,79731.04658,253.710007,220.511017
1369.732158,242213.2351,79738.27289,289.029999,222.978836
1385.122407,242226.8233,79745.49921,281.380005,226.289993
1400.512656,242240.4115,79752.72552,258.970001,229.490005
1415.902905,242253.9998,79759.95184,257.070007,232.857727
1431.293154,242267.588,79767.17815,289.089996,234.978271
1446.683403,242281.1762,79774.40446,306.76001,236.839996
1462.073652,242294.7645,79781.63078,307.769989,238.109543
1477.463901,242308.3527,79788.85709,241.259995,239.456665
1492.85415,242321.941,79796.0834,298.559998,241.259705
1508.244399,242335.5292,79803.30972,307.440002,243.010422
1523.634648,242349.1174,79810.53603,263.140015,242.968842
1539.024896,242362.7057,79817.76235,264.579987,243.703598
1554.415145,242376.2939,79824.98866,276,244.677917
1569.805394,242389.8821,79832.21497,275.630005,244.916748
1585.195643,242403.4704,79839.44129,314.029999,244.936234
1600.585892,242417.0586,79846.6676,303.369995,244.337326
1615.976141,242430.6468,79853.89391,302.950012,243.550613
1631.36639,242444.2351,79861.12023,291.529999,242.296677
1646.756639,242457.8233,79868.34654,267.890015,240.876404
1662.146888,242471.4116,79875.57285,272.549988,239.821945
1677.537137,242484.9998,79882.79917,281.940002,239.641098
1692.927386,242498.588,79890.02548,282.230011,239.851349
1708.317635,242512.1763,79897.2518,268.690002,240.312378
1723.707884,242525.7645,79904.47811,282.089996,241.354782
1739.098133,242539.3527,79911.70442,273.480011,242.555695
1754.488382,242552.941,79918.93074,273.709991,243.977554
1769.878631,242566.5292,79926.15705,285.480011,245.847992
1785.26888,242580.1174,79933.38336,286.880005,247.685165
1800.659129,242593.7057,79940.60968,273.070007,249.556366
1816.049378,242607.2939,79947.83599,269.890015,252.111221
1831.439627,242620.8821,79955.06231,261.220001,254.940002
1846.829876,242634.4704,79962.28862,288.730011,257.152588
1862.220125,242648.0586,79969.51493,276.019989,260.369995
1877.610374,242661.6469,79976.74125,300.890015,263.967865
1893.000623,242675.2351,79983.96756,296.390015,268.93338
1908.390872,242688.8233,79991.19387,295.559998,275.047852
1923.781121,242702.4116,79998.42019,321.209991,281.498169
1939.17137,242715.9998,80005.6465,327.630005,287.909058
1954.561619,242729.588,80012.87282,321.820007,296.579987
1969.951867,242743.1763,80020.09913,327.309998,304.956665
1985.342116,242756.7645,80027.32544,329.070007,310.742645
2000.732365,242770.3527,80034.55176,359.950012,317.197876
2016.122614,242783.941,80041.77807,343.459991,323.904907
2031.512863,242797.5292,80049.00438,350.100006,329.130005
2046.903112,242811.1174,80056.2307,355.440002,339.192596
2062.293361,242824.7057,80063.45701,377.679993,348.495605
2077.68361,242838.2939,80070.68333,375.630005,356.867096
2093.073859,242851.8822,80077.90964,386.519989,363.168732
2108.464108,242865.4704,80085.13595,403.279999,370.358093
2123.854357,242879.0586,80092.36227,394.100006,378.263275
2139.244606,242892.6469,80099.58858,402.73999,388.221802
2154.634855,242906.2351,80106.81489,434.51001,397.39621
2170.025104,242919.8233,80114.04121,435.200012,403.500977
2185.415353,242933.4116,80121.26752,460.140015,406.683044
2200.805602,242946.9998,80128.49384,457.899994,404.570892
2216.195851,242960.588,80135.72015,434.019989,400.773346
2231.5861,242974.1763,80142.94646,423.859985,394.099274
2246.976349,242987.7645,80150.17278,426.25,386.187714
2262.366598,243001.3527,80157.39909,412.670013,375.084076
2277.756847,243014.941,80164.6254,377.709991,362.945374
2293.147096,243028.5292,80171.85172,370.649994,352.694397
2308.537345,243042.1175,80179.07803,375.070007,347.419983
2323.927594,243055.7057,80186.30434,366.970001,341.839355
2339.317843,243069.2939,80193.53066,352.859985,335.759918
2354.708092,243082.8822,80200.75697,341.640015,330.25
2370.098341,243096.4704,80207.98329,351.880005,323.594788
2385.48859,243110.0586,80215.2096,353.690002,316.883362
2400.878839,243123.6469,80222.43591,342.76001,311.03775
2416.269087,243137.2351,80229.66223,337.98999,304.711761
2431.659336,243150.8233,80236.88854,319.839996,298.881805
2447.049585,243164.4116,80244.11485,318.73999,292.566315
2462.439834,243177.9998,80251.34117,321.640015,286.217468
2477.830083,243191.5881,80258.56748,318.440002,278.930542
2493.220332,243205.1763,80265.7938,338.829987,271.650085
2508.610581,243218.7645,80273.02011,312.579987,263.895142
2524.00083,243232.3528,80280.24642,287.869995,256.074036
2539.391079,243245.941,80287.47274,278.579987,249.288208
2554.781328,243259.5292,80294.69905,279.809998,243.162231
2570.171577,243273.1175,80301.92536,257.619995,238.144714
2585.561826,243286.7057,80309.15168,257.390015,233.584091
2600.952075,243300.2939,80316.37799,248.309998,229.649994
2616.342324,243313.8822,80323.60431,249.300003,226.273361
2631.732573,243327.4704,80330.83062,256.829987,223.001129
2647.122822,243341.0586,80338.05693,239.660004,219.63176
2662.513071,243354.6469,80345.28325,222.759995,217.008469
2677.90332,243368.2351,80352.50956,233.289993,215.100464
2693.293569,243381.8234,80359.73587,222.179993,214.270004
2708.683818,243395.4116,80366.96219,223.029999,213.800003
2724.074067,243408.9998,80374.1885,240.919998,213.617767
2739.464316,243422.5881,80381.41482,234.089996,214.572617
2754.854565,243436.1763,80388.64113,236.630005,214.915329
2770.244814,243449.7645,80395.86744,253.350006,217.028229
2785.635063,243463.3528,80403.09376,246.869995,220.291901
2801.025312,243476.941,80410.32007,270.470001,222.799576
2816.415561,243490.5292,80417.54638,278.809998,224.954056
2831.80581,243504.1175,80424.7727,285.51001,226.743698
2847.196058,243517.7057,80431.99901,291.329987,228.312073
2862.586307,243531.2939,80439.22532,292.149994,229.602646
2877.976556,243544.8822,80446.45164,271.429993,230.534653
2893.366805,243558.4704,80453.67795,273.950012,231.05928
2908.757054,243572.0587,80460.90427,271.829987,230.631165
2924.147303,243585.6469,80468.13058,269.950012,230.164688
2939.537552,243599.2351,80475.35689,252.550003,229.036026
2954.927801,243612.8234,80482.58321,272.809998,227.285141
2970.31805,243626.4116,80489.80952,256.459991,225.040558
2985.708299,243639.9998,80497.03583,262.51001,221.737381
3001.098548,243653.5881,80504.26215,249.929993,218.041077
3016.488797,243667.1763,80511.48846,265.390015,215.04747
3031.879046,243680.7645,80518.71478,264.410004,213.311218
3047.269295,243694.3528,80525.94109,246.740005,214.331543
3062.659544,243707.941,80533.1674,255.419998,216.781937
3078.049793,243721.5292,80540.39372,255.690002,219.959854
3093.440042,243735.1175,80547.62003,244.149994,222.762604
3108.830291,243748.7057,80554.84634,264,224.084869
3124.22054,243762.294,80562.07266,268.809998,223.542587
3139.610789,243775.8822,80569.29897,259.929993,220.76442
3155.001038,243789.4704,80576.52529,241.800003,215.960251
3170.391287,243803.0587,80583.7516,226.970001,210.719269
3185.781536,243816.6469,80590.97791,224.509995,208.375443
3201.171785,243830.2351,80598.20423,227.75,211.829803
3216.562034,243843.8234,80605.43054,230.449997,214.093475
3231.952283,243857.4116,80612.65685,236.740005,215.285126
3247.342532,243870.9998,80619.88317,237.630005,214.434631
3262.732781,243884.5881,80627.10948,234.699997,214.250092
3278.123029,243898.1763,80634.3358,225.119995,215.838104
3293.513278,243911.7646,80641.56211,233.509995,216.490967
3308.903527,243925.3528,80648.78842,253.889999,218.088806
3324.293776,243938.941,80656.01474,253.029999,220.37886
3339.684025,243952.5293,80663.24105,246.779999,225.124588
3355.074274,243966.1175,80670.46736,248.25,229.77002
3370.464523,243979.7057,80677.69368,253.130005,232.88974
3385.854772,243993.294,80684.91999,255.509995,235.391754
3401.245021,244006.8822,80692.1463,266.579987,238.119858
3416.63527,244020.4704,80699.37262,260.980011,241.163071
3432.025519,244034.0587,80706.59893,271.709991,243.891846
3447.415768,244047.6469,80713.82525,279.910004,245.254135
3462.806017,244061.2351,80721.05156,275.470001,245.373154
3478.196266,244074.8234,80728.27787,271.070007,243.585175
3493.586515,244088.4116,80735.50419,258.98999,240.859024
3508.976764,244101.9999,80742.7305,266.079987,236.649384
3524.367013,244115.5881,80749.95681,248.869995,230.186249
3539.757262,244129.1763,80757.18313,241.259995,223.277206
3555.147511,244142.7646,80764.40944,249.240005,216.08136
3570.53776,244156.3528,80771.63576,236.429993,210.598358
3585.928009,244169.941,80778.86207,240.020004,208.106766
3601.318258,244183.5293,80786.08838,232.020004,204.618103
3616.708507,244197.1175,80793.3147,225.949997,204.745728
3632.098756,244210.7057,80800.54101,242.089996,204.670776
3647.489005,244224.294,80807.76732,255.550003,203.313736
3662.879254,244237.8822,80814.99364,204.539993,203.800003
3678.269503,244251.4704,80822.21995,237,210.084488
3693.659752,244265.0587,80829.44627,247.139999,217.81842
3709.050001,244278.6469,80836.67258,263.579987,224.208145
3724.440249,244292.2352,80843.89889,262.420013,231.156799
3739.830498,244305.8234,80851.12521,272.720001,236.531189
3755.220747,244319.4116,80858.35152,277.26001,241.535431
3770.610996,244332.9999,80865.57783,264.640015,246.714844
3786.001245,244346.5881,80872.80415,283.25,251.450775
3801.391494,244360.1763,80880.03046,283.679993,254.74646
3816.781743,244373.7646,80887.25678,290.179993,256.264557
3832.171992,244387.3528,80894.48309,283.410004,257.430359
3847.562241,244400.941,80901.7094,281.519989,257.693481
3862.95249,244414.5293,80908.93572,283.98999,257.21402
3878.342739,244428.1175,80916.16203,290.200012,256.019867
3893.732988,244441.7057,80923.38834,288.269989,254.600006
3909.123237,244455.294,80930.61466,276.579987,252.044342
3924.513486,244468.8822,80937.84097,280.26001,249.577972
3939.903735,244482.4705,80945.06729,271.850006,246.743103
3955.293984,244496.0587,80952.2936,270.839996,243.292831
3970.684233,244509.6469,80959.51991,264.559998,239.458664
3986.074482,244523.2352,80966.74623,263.420013,234.453339
4001.464731,244536.8234,80973.97254,276.149994,229.564789
4016.85498,244550.4116,80981.19885,279.609985,224.236191
4032.245229,244563.9999,80988.42517,268.899994,218.779999
4047.635478,244577.5881,80995.65148,246.919998,213.980881
4063.025727,244591.1763,81002.87779,238.070007,209.442947
4078.415976,244604.7646,81010.10411,239.729996,206.603287
4093.806225,244618.3528,81017.33042,232.320007,203.758118
4109.196474,244631.941,81024.55674,211.460007,201.452194
4124.586723,244645.5293,81031.78305,223.089996,199.892914
4139.976972,244659.1175,81039.00936,214.029999,200.001007
4155.36722,244672.7058,81046.23568,227.990005,199.716431
4170.757469,244686.294,81053.46199,222.970001,200.093781
4186.147718,244699.8822,81060.6883,237.210007,200.667542
4201.537967,244713.4705,81067.91462,215.110001,201.270004
4216.928216,244727.0587,81075.14093,214.960007,202.803329
4232.318465,244740.6469,81082.36725,214.419998,204.446732
4247.708714,244754.2352,81089.59356,227.039993,206.787704
4263.098963,244767.8234,81096.81987,223.850006,208.801498
4278.489212,244781.4116,81104.04619,210.779999,209.179993
4293.879461,244794.9999,81111.2725,238.330002,209.962387
4309.26971,244808.5881,81118.49881,227.619995,212.064514
4324.659959,244822.1764,81125.72513,247.050003,214.430878
4340.050208,244835.7646,81132.95144,234.020004,216.917114
4355.440457,244849.3528,81140.17776,258.070007,219.78064
4370.830706,244862.9411,81147.40407,247.720001,222.347443
4386.220955,244876.5293,81154.63038,258.140015,223.916641
4401.611204,244890.1175,81161.8567,237.789993,225.317307
4417.001453,244903.7058,81169.08301,254.570007,224.660309
4432.391702,244917.294,81176.30932,252.75,224.436783
4447.781951,244930.8822,81183.53564,250,225.62233
4463.1722,244944.4705,81190.76195,259.390015,227.297226
4478.562449,244958.0587,81197.98827,269.429993,228.912109
4493.952698,244971.6469,81205.21458,252.25,230.077332
4509.342947,244985.2352,81212.44089,254.509995,230.569183
4524.733196,244998.8234,81219.66721,258.670013,230.554749
4540.123445,245012.4117,81226.89352,255.710007,230.447159
4555.513694,245025.9999,81234.11983,255.649994,229.903488
4570.903943,245039.5881,81241.34615,241.779999,229.780197
4586.294191,245053.1764,81248.57246,235.729996,232.259995
4601.68444,245066.7646,81255.79877,269.089996,234.539993
4617.074689,245080.3528,81263.02509,266.799988,236.574661
4632.464938,245093.9411,81270.2514,259.73999,237.227722
4647.855187,245107.5293,81277.47772,267.149994,236.992661
4663.245436,245121.1175,81284.70403,270.119995,235.884888
4678.635685,245134.7058,81291.93034,274.059998,234.114136
4694.025934,245148.294,81299.15666,251.369995,231.471802
4709.416183,245161.8822,81306.38297,248.600006,228.823044
4724.806432,245175.4705,81313.60928,247.660004,226.179993
4740.196681,245189.0587,81320.8356,251.869995,222.696564
4755.58693,245202.647,81328.06191,254.559998,219.242706
4770.977179,245216.2352,81335.28823,246.449997,215.924393
4786.367428,245229.8234,81342.51454,233.649994,212.951492
4801.757677,245243.4117,81349.74085,240.789993,209.635681
4817.147926,245256.9999,81356.96717,240.309998,206.119064
4832.538175,245270.5881,81364.19348,230.300003,203.108307
4847.928424,245284.1764,81371.41979,230.929993,202.30954
4863.318673,245297.7646,81378.64611,236.550003,202.213791
4878.708922,245311.3528,81385.87242,232.070007,202.13559
4894.099171,245324.9411,81393.09874,234.020004,202.535065
4909.48942,245338.5293,81400.32505,240.779999,202.83992
4924.879669,245352.1175,81407.55136,241.720001,203.040497
4940.269918,245365.7058,81414.77768,228.190002,203.30452
4955.660167,245379.294,81422.00399,243.880005,204.903137
4971.050416,245392.8823,81429.2303,246.949997,205.242996
4986.440665,245406.4705,81436.45662,239.050003,205.719086
5001.830914,245420.0587,81443.68293,228.399994,205.58667
5017.221163,245433.647,81450.90925,213.369995,205.871841
5032.611411,245447.2352,81458.13556,229.75,205.839279
5048.00166,245460.8234,81465.36187,238.740005,205.772995
5063.391909,245474.4117,81472.58819,233.130005,205.199249
5078.782158,245487.9999,81479.8145,225.160004,204.309998
5094.172407,245501.5881,81487.04081,224.089996,204.276581
5109.562656,245515.1764,81494.26713,224.899994,205.995117
5124.952905,245528.7646,81501.49344,248.949997,208.630386
5140.343154,245542.3529,81508.71975,248.289993,212.311523
5155.733403,245555.9411,81515.94607,248.169998,216.0784
5171.123652,245569.5293,81523.17238,248.550003,219.559479
5186.513901,245583.1176,81530.3987,244.070007,222.798828
5201.90415,245596.7058,81537.62501,246.610001,225.5
5217.294399,245610.294,81544.85132,259.320007,227.246262
5232.684648,245623.8823,81552.07764,265.320007,228.23082
5248.074897,245637.4705,81559.30395,254.449997,228.784042
5263.465146,245651.0587,81566.53026,260.73999,229.007889
5278.855395,245664.647,81573.75658,256.140015,228.276611
5294.245644,245678.2352,81580.98289,263.23999,227.150589
5309.635893,245691.8234,81588.20921,249.039993,225.509491
5325.026142,245705.4117,81595.43552,250.279999,222.694244
5340.416391,245718.9999,81602.66183,252.089996,220.00029
5355.80664,245732.5882,81609.88815,255.550003,217.146362
5371.196889,245746.1764,81617.11446,243.279999,214.000748
5386.587138,245759.7646,81624.34077,234.839996,209.689087
5401.977387,245773.3529,81631.56709,222.410004,204.888687
5417.367636,245786.9411,81638.7934,213.690002,204.415771
5432.757885,245800.5293,81646.01972,209.089996,204.589996
5448.148134,245814.1176,81653.24603,235.860001,209.700546
5463.538382,245827.7058,81660.47234,245.360001,216.063324
5478.928631,245841.294,81667.69866,259.070007,222.026001
5494.31888,245854.8823,81674.92497,259.799988,227.465988
5509.709129,245868.4705,81682.15128,248.089996,232.142197
5525.099378,245882.0587,81689.3776,243.740005,236.559998
5540.489627,245895.647,81696.60391,269.440002,239.30394
5555.879876,245909.2352,81703.83023,263.200012,241.917709
5571.270125,245922.8235,81711.05654,283.070007,243.708694
5586.660374,245936.4117,81718.28285,277.869995,245.537506
5602.050623,245949.9999,81725.50917,272.589996,246.969467
5617.440872,245963.5882,81732.73548,280.559998,248.275574
5632.831121,245977.1764,81739.96179,285.679993,249.53009
5648.22137,245990.7646,81747.18811,286.220001,250.45491
5663.611619,246004.3529,81754.41442,258.640015,251.960007
5679.001868,246017.9411,81761.64074,314.450012,254.076752
5694.392117,246031.5293,81768.86705,309.369995,256.169861
5709.782366,246045.1176,81776.09336,282.369995,258.701904
5725.172615,246058.7058,81783.31968,302.630005,261.475128
5740.562864,246072.294,81790.54599,290.160004,264.738892
5755.953113,246085.8823,81797.7723,320.940002,267.376648
5771.343362,246099.4705,81804.99862,314.970001,270.076263
5786.733611,246113.0588,81812.22493,305.160004,272.695557
5802.12386,246126.647,81819.45124,303.920013,274.740387
5817.514109,246140.2352,81826.67756,298.269989,276.51297
5832.904358,246153.8235,81833.90387,306.940002,277.992493
5848.294607,246167.4117,81841.13019,312.01001,278.995941
5863.684856,246180.9999,81848.3565,312.179993,279.347565
5879.075105,246194.5882,81855.58281,311.679993,278.908264
5894.465353,246208.1764,81862.80913,310.670013,277.353119
5909.855602,246221.7646,81870.03544,302.579987,274.572205
5925.245851,246235.3529,81877.26175,309.470001,270.898773
5940.6361,246248.9411,81884.48807,299.369995,266.771881
5956.026349,246262.5294,81891.71438,308.679993,262.342499
5971.416598,246276.1176,81898.9407,293.420013,256.839996
5986.806847,246289.7058,81906.16701,287.109985,252.737946
6002.197096,246303.2941,81913.39332,286.549988,248.067841
6017.587345,246316.8823,81920.61964,269.959991,243.45018
6032.977594,246330.4705,81927.84595,274.579987,239.942261
6048.367843,246344.0588,81935.07226,269.700012,236.887329
6063.758092,246357.647,81942.29858,274.609985,234.496277
6079.148341,246371.2352,81949.52489,256.890015,231.57132
6094.53859,246384.8235,81956.75121,268.299988,229.072998
6109.928839,246398.4117,81963.97752,256.850006,227.630005
6125.319088,246411.9999,81971.20383,260.480011,224.757065
6140.709337,246425.5882,81978.43015,253.669998,221.168396
6156.099586,246439.1764,81985.65646,251.5,216.530457
6171.489835,246452.7647,81992.88277,252.039993,212.033295
6186.880084,246466.3529,82000.10909,222.529999,206.946442
6202.270333,246479.9411,82007.3354,241.169998,203.85881
6217.660582,246493.5294,82014.56172,237.190002,203.756638
6233.050831,246507.1176,82021.78803,235.690002,203.918396
6248.44108,246520.7058,82029.01434,228.039993,204.313614
6263.831329,246534.2941,82036.24066,220.869995,207.450043
6279.221578,246547.8823,82043.46697,219.429993,217.24913
6294.611827,246561.4705,82050.69328,226.179993,224.606979
6310.002076,246575.0588,82057.9196,233.929993,231.425018
6325.392325,246588.647,82065.14591,241.610001,237.813736
6340.782573,246602.2352,82072.37222,263.130005,243.255371
6356.172822,246615.8235,82079.59854,259.589996,248.233795
6371.563071,246629.4117,82086.82485,282.369995,253.23259
6386.95332,246643,82094.05117,271.940002,258.175537
6402.343569,246656.5882,82101.27748,285.100006,263.049133
6417.733818,246670.1764,82108.50379,270.190002,267.282837
6433.124067,246683.7647,82115.73011,291.369995,270.618896
6448.514316,246697.3529,82122.95642,290.350006,273.824524
6463.904565,246710.9411,82130.18273,305.929993,276.070618
6479.294814,246724.5294,82137.40905,294.850006,278.212738
6494.685063,246738.1176,82144.63536,316.220001,279.34787
6510.075312,246751.7058,82151.86168,301.140015,279.8125
6525.465561,246765.2941,82159.08799,317.619995,278.890747
6540.85581,246778.8823,82166.3143,312.579987,277.832275
6556.246059,246792.4705,82173.54062,307.269989,276.215607
6571.636308,246806.0588,82180.76693,300.119995,274.759552
6587.026557,246819.647,82187.99324,310.559998,272.624329
6602.416806,246833.2353,82195.21956,313.799988,270.093109
6617.807055,246846.8235,82202.44587,307.970001,267.792053
6633.197304,246860.4117,82209.67219,302.98999,265.15387
6648.587553,246874,82216.8985,272.059998,262.579987
6663.977802,246887.5882,82224.12481,302.160004,259.397614
6679.368051,246901.1764,82231.35113,296.980011,256.906097
6694.7583,246914.7647,82238.57744,293.26001,254.6577
6710.148549,246928.3529,82245.80375,289.579987,252.402115
6725.538798,246941.9411,82253.03007,271.600006,249.975037
6740.929047,246955.5294,82260.25638,272.48999,247.82634
6756.319296,246969.1176,82267.4827,268.5,245.580002
6771.709544,246982.7059,82274.70901,271.899994,243.509995
6787.099793,246996.2941,82281.93532,272.329987,242.266525
6802.490042,247009.8823,82289.16164,264.859985,241.487991
6817.880291,247023.4706,82296.38795,262.049988,240.815002
6833.27054,247037.0588,82303.61426,276.049988,241.097305
6848.660789,247050.647,82310.84058,282.950012,240.949997
6864.051038,247064.2353,82318.06689,279.899994,242.828552
6879.441287,247077.8235,82325.2932,278.459991,243.641342
6894.831536,247091.4117,82332.51952,280.779999,244.786819
6910.221785,247105,82339.74583,270.910004,245.903732
6925.612034,247118.5882,82346.97215,268.399994,247.049942
6941.002283,247132.1764,82354.19846,284.429993,248.139999
6956.392532,247145.7647,82361.42477,277.220001,249.313248
6971.782781,247159.3529,82368.65109,275.029999,250.56723
6987.17303,247172.9412,82375.8774,278.160004,251.76651
7002.563279,247186.5294,82383.10371,262.359985,253.200012
7017.953528,247200.1176,82390.33003,278.399994,254.570007
7033.343777,247213.7059,82397.55634,290.709991,255.819046
7048.734026,247227.2941,82404.78266,292.940002,257.289673
7064.124275,247240.8823,82412.00897,271.519989,258.383057
7079.514524,247254.4706,82419.23528,289.450012,260.090363
7094.904773,247268.0588,82426.4616,297.940002,261.686188
7110.295022,247281.647,82433.68791,295.869995,262.883209
7125.685271,247295.2353,82440.91422,299.390015,264.216797
7141.07552,247308.8235,82448.14054,305.890015,265.23999
7156.465769,247322.4117,82455.36685,311.609985,266.019592
7171.856018,247336,82462.59317,296.190002,266.700348
7187.246267,247349.5882,82469.81948,297.799988,267.341583
7202.636516,247363.1765,82477.04579,301.619995,266.646973
7218.026764,247376.7647,82484.27211,268.869995,264.723999
7233.417013,247390.3529,82491.49842,272.559998,262.298401
7248.807262,247403.9412,82498.72473,268.170013,263.195984
7264.197511,247417.5294,82505.95105,272.079987,262.205353
7279.58776,247431.1176,82513.17736,262.679993,262.52002
7294.978009,247444.7059,82520.40368,269.200012,267.483337
7310.368258,247458.2941,82527.62999,274.23999,271.863403
7325.758507,247471.8823,82534.8563,298.200012,275.873322
7341.148756,247485.4706,82542.08262,297,279.981873
7356.539005,247499.0588,82549.30893,284.980011,284.116882
7371.929254,247512.647,82556.53524,306.670013,287.977509
7387.319503,247526.2353,82563.76156,302.269989,291.531219
7402.709752,247539.8235,82570.98787,315.299988,294.477417
7418.100001,247553.4118,82578.21419,327.01001,297.550659
7433.49025,247567,82585.4405,332.779999,300.544922
7448.880499,247580.5882,82592.66681,331.779999,303.56601
7464.270748,247594.1765,82599.89313,338.890015,305.68396
7479.660997,247607.7647,82607.11944,340.980011,307.415741
7495.051246,247621.3529,82614.34575,330.549988,309.232574
7510.441495,247634.9412,82621.57207,342.730011,310.140015
7525.831744,247648.5294,82628.79838,343.950012,311.035065
7541.221993,247662.1176,82636.02469,350.75,310.752747
7556.612242,247675.7059,82643.25101,336.339996,310.198273
7572.002491,247689.2941,82650.47732,343.579987,309.036469
7587.39274,247702.8823,82657.70364,345.440002,307.170013
7602.782989,247716.4706,82664.92995,337.829987,304.412354
7618.173238,247730.0588,82672.15626,333.070007,301.059998
7633.563487,247743.6471,82679.38258,334.23999,297.549988
7648.953735,247757.2353,82686.60889,324.459991,292.266663
7664.343984,247770.8235,82693.8352,316.600006,286.904266
7679.734233,247784.4118,82701.06152,315.359985,279.775299
7695.124482,247798,82708.28783,303.140015,272.534637
7710.514731,247811.5882,82715.51415,290.23999,265.613098
7725.90498,247825.1765,82722.74046,285.339996,257.841431
7741.295229,247838.7647,82729.96677,273.170013,249.77121
7756.685478,247852.3529,82737.19309,276.200012,241.124985
7772.075727,247865.9412,82744.4194,260.160004,233.402817
7787.465976,247879.5294,82751.64571,250.649994,225.558502
7802.856225,247893.1177,82758.87203,245.779999,218.460007
7818.246474,247906.7059,82766.09834,228.779999,211.109894
7833.636723,247920.2941,82773.32466,223.779999,205.253189
7849.026972,247933.8824,82780.55097,229,200.28299
7864.417221,247947.4706,82787.77728,219.910004,195.954147
7879.80747,247961.0588,82795.0036,214.169998,192.689011
7895.197719,247974.6471,82802.22991,241.240005,191.106888
7910.587968,247988.2353,82809.45622,208.630005,190.765518
7925.978217,248001.8235,82816.68254,233.960007,192.89061
7941.368466,248015.4118,82823.90885,211.520004,196.35817
7956.758715,248029,82831.13517,234.050003,198.235352
7972.148964,248042.5882,82838.36148,229.940002,199.158264
7987.539213,248056.1765,82845.58779,227.440002,199.121399
8002.929462,248069.7647,82852.81411,231.050003,198.059204
8018.319711,248083.353,82860.04042,219.520004,196.152649
8033.70996,248096.9412,82867.26673,220.240005,193.75946
8049.100209,248110.5294,82874.49305,220.279999,191.401627
8064.490458,248124.1177,82881.71936,212.782135,189.180054
8079.880706,248137.7059,82888.94567,218.149994,187.149445
8095.270955,248151.2941,82896.17199,219.190002,184.828873
8110.661204,248164.8824,82903.3983,212.130005,182.667404
8126.051453,248178.4706,82910.62462,204.669998,181.65596
8141.441702,248192.0588,82917.85093,196.570007,184.188751
8156.831951,248205.6471,82925.07724,229.5,187.571426
8172.2222,248219.2353,82932.30356,228.639999,189.718918
8187.612449,248232.8235,82939.52987,217.119995,191.029999
8203.002698,248246.4118,82946.75618,220.460007,191.590317
8218.392947,248260,82953.9825,217.169998,192.25
8233.783196,248273.5883,82961.20881,218.839996,191.931274
8249.173445,248287.1765,82968.43513,216.539993,191.529999
8264.563694,248300.7647,82975.66144,225.270004,190.472534
8279.953943,248314.353,82982.88775,212.940002,189.208496
8295.344192,248327.9412,82990.11407,205.779999,187.289413
8310.734441,248341.5294,82997.34038,224.210007,184.59079
8326.12469,248355.1177,83004.56669,207.5,181.426926
8341.514939,248368.7059,83011.79301,189.139999,178.940872
8356.905188,248382.2941,83019.01932,208.660004,178.246567
8372.295437,248395.8824,83026.24564,182.820007,178.149994
8387.685686,248409.4706,83033.47195,192.440002,178.802139
8403.075935,248423.0588,83040.69826,206.770004,184.074326
8418.466184,248436.6471,83047.92458,206.440002,189.642456
8433.856433,248450.2353,83055.15089,223.899994,194.356293
8449.246682,248463.8236,83062.3772,224.070007,197.815201
8464.636931,248477.4118,83069.60352,235.75,200.859024
8480.02718,248491,83076.82983,225.399994,203.648102
8495.417429,248504.5883,83084.05615,225,205.67514
8510.807678,248518.1765,83091.28246,231.059998,207.938065
8526.197926,248531.7647,83098.50877,241.360001,209.694794
8541.588175,248545.353,83105.73509,237.639999,211.232559
8556.978424,248558.9412,83112.9614,246.289993,212.535797
8572.368673,248572.5294,83120.18771,222.740005,213.203339
8587.758922,248586.1177,83127.41403,240.570007,212.883209
8603.149171,248599.7059,83134.64034,242.009995,211.858536
8618.53942,248613.2942,83141.86665,241.330002,210.027817
8633.929669,248626.8824,83149.09297,236.440002,207.451599
8649.319918,248640.4706,83156.31928,240.130005,203.999466
8664.710167,248654.0589,83163.5456,241.860001,200.499481
8680.100416,248667.6471,83170.77191,232.610001,197.40123
8695.490665,248681.2353,83177.99822,220.610001,195.010757
8710.880914,248694.8236,83185.22454,225.539993,192.62735
8726.271163,248708.4118,83192.45085,216.380005,191.380173
8741.661412,248722,83199.67716,222.669998,190.685883
8757.051661,248735.5883,83206.90348,226.869995,190.227402
8772.44191,248749.1765,83214.12979,229.149994,190.014542
8787.832159,248762.7647,83221.35611,198.529999,189.889999
8803.222408,248776.353,83228.58242,223.889999,189.331879
8818.612657,248789.9412,83235.80873,232.570007,188.424728
8834.002906,248803.5295,83243.03505,220.029999,187.016953
8849.393155,248817.1177,83250.26136,208.339996,185.173798
8864.783404,248830.7059,83257.48767,213.240005,184.097473
8880.173653,248844.2942,83264.71399,216.190002,185.092697
8895.563902,248857.8824,83271.9403,219.720001,187.101593
8910.954151,248871.4706,83279.16662,206.869995,189.686523
8926.3444,248885.0589,83286.39293,209.679993,191.944077
8941.734649,248898.6471,83293.61924,212.229996,193.690063
8957.124897,248912.2353,83300.84556,218.899994,195.737
8972.515146,248925.8236,83308.07187,211.869995,197.464996
8987.905395,248939.4118,83315.29818,231.490005,199.699478
9003.295644,248953,83322.5245,234.729996,201.880447
9018.685893,248966.5883,83329.75081,239.589996,203.710007
9034.076142,248980.1765,83336.97713,243.860001,206.408325
9049.466391,248993.7648,83344.20344,216.589996,208.155121
9064.85664,249007.353,83351.42975,214.919998,209.63652
9080.246889,249020.9412,83358.65607,228.729996,210.890045
9095.637138,249034.5295,83365.88238,241.759995,211.724289
9111.027387,249048.1177,83373.10869,247.360001,212.103851
9126.417636,249061.7059,83380.33501,247.289993,212.228867
9141.807885,249075.2942,83387.56132,248.169998,211.991486
9157.198134,249088.8824,83394.78764,248.360001,211.555069
9172.588383,249102.4706,83402.01395,248.350006,210.639893
9187.978632,249116.0589,83409.24026,233.630005,209.645035
9203.368881,249129.6471,83416.46658,245.309998,208.64389
9218.75913,249143.2353,83423.69289,244.029999,207.361053
9234.149379,249156.8236,83430.9192,236.910004,205.566132
9249.539628,249170.4118,83438.14552,225.759995,203.726761
9264.929877,249184.0001,83445.37183,228.160004,201.995819
9280.320126,249197.5883,83452.59814,226.770004,200.819473
9295.710375,249211.1765,83459.82446,231.729996,200.103409
9311.100624,249224.7648,83467.05077,243.199997,200.13884
9326.490873,249238.353,83474.27709,242.190002,200.153366
9341.881122,249251.9412,83481.5034,230.139999,200.220901
9357.271371,249265.5295,83488.72971,228.539993,199.602798
9372.66162,249279.1177,83495.95603,233.360001,198.235764
9388.051868,249292.7059,83503.18234,225.089996,196.424911
9403.442117,249306.2942,83510.40865,232.410004,193.678787
9418.832366,249319.8824,83517.63497,214.610001,189.746674
9434.222615,249333.4707,83524.86128,201.389999,184.70787
9449.612864,249347.0589,83532.0876,222.710007,182.000229
9465.003113,249360.6471,83539.31391,205.119995,181.325302
9480.393362,249374.2354,83546.54022,207.759995,180.523972
9495.783611,249387.8236,83553.76654,187.860001,180.124039
9511.17386,249401.4118,83560.99285,186.789993,180.184387
9526.564109,249415.0001,83568.21916,204.710007,179.003769
9541.954358,249428.5883,83575.44548,205.649994,179.470245
9557.344607,249442.1765,83582.67179,193.479996,179.996231
9572.734856,249455.7648,83589.89811,189.449997,179.415634
9588.125105,249469.353,83597.12442,196.270004,179.60817
9603.515354,249482.9412,83604.35073,218.669998,179.609238
9618.905603,249496.5295,83611.57705,209.449997,179.229691
9634.295852,249510.1177,83618.80336,216.080002,178.937454
9649.686101,249523.706,83626.02967,185.910004,177.52269
9665.07635,249537.2942,83633.25599,212.149994,179.165665
9680.466599,249550.8824,83640.4823,204.070007,183.283203
9695.856848,249564.4707,83647.70862,206.899994,186.659164
9711.247097,249578.0589,83654.93493,210.440002,188.163956
9726.637346,249591.6471,83662.16124,227.550003,189.555939
9742.027595,249605.2354,83669.38756,221.98703,190.43187
9757.417844,249618.8236,83676.61387,224.020004,191.393005
9772.808093,249632.4118,83683.84018,225.179993,191.717865
9788.198342,249646.0001,83691.0665,228.440002,192.691772
9803.588591,249659.5883,83698.29281,208.960007,193.177032
9818.97884,249673.1765,83705.51912,213.401321,193.422974
9834.369088,249686.7648,83712.74544,207.75,193.206314
9849.759337,249700.353,83719.97175,284.340637,192.81868
9865.149586,249713.9413,83727.19807,199.350403,191.074799
9880.539835,249727.5295,83734.42438,294.770325,190.501404
9895.930084,249741.1177,83741.65069,272.580139,190.614014
9911.320333,249754.706,83748.87701,262.177307,191.090149
9926.710582,249768.2942,83756.10332,347.535492,193.466476
9942.100831,249781.8824,83763.32963,339.432678,192.29512
9957.49108,249795.4707,83770.55595,327.095001,190.505524
9972.881329,249809.0589,83777.78226,323.491516,189.318192
10019.05208,249849.8236,83799.4612,204.160583,178.450485
10034.44233,249863.4118,83806.68752,246.07869,178.332138
10049.83257,249877.0001,83813.91383,322.515686,179.917877
10065.22282,249890.5883,83821.14014,287.029358,188.0336
10080.61307,249904.1766,83828.36646,201.830002,184.214478
10096.00332,249917.7648,83835.59277,196.911819,179.828979
10111.39357,249931.353,83842.81909,190.257797,177.251389
10126.78382,249944.9413,83850.0454,172.922058,172.602142
10142.17407,249958.5295,83857.27171,193.370422,172.923859
10157.56432,249972.1177,83864.49803,173.161789,171.951248
10172.95457,249985.706,83871.72434,173.209991,171.599854
10188.34481,249999.2942,83878.95065,185.727417,171.553604
10203.73506,250012.8824,83886.17697,342.024628,172.380066
10219.12531,250026.4707,83893.40328,234.563568,173.474854
10234.51556,250040.0589,83900.6296,252.617661,173.766327
10249.90581,250053.6472,83907.85591,314.978058,172.978531
10265.29606,250067.2354,83915.08222,221.373718,174.297913
10280.68631,250080.8236,83922.30854,310.595978,176.211258
10296.07656,250094.4119,83929.53485,340.389435,179.60553
10311.46681,250108.0001,83936.76116,326.00174,179.691071
10326.85706,250121.5883,83943.98748,297.225159,177.689468
10342.2473,250135.1766,83951.21379,329.57135,178.883545
10357.63755,250148.7648,83958.4401,253.798691,181.959045
10388.41805,250175.9413,83972.89273,314.649689,195.229065
10403.8083,250189.5295,83980.11905,315.554138,200.1586
10419.19855,250203.1177,83987.34536,320.285431,200.253754
10434.5888,250216.706,83994.57167,354.345001,196.757004
10449.97905,250230.2942,84001.79799,321.675354,212.366272
10465.3693,250243.8825,84009.0243,327.897522,232.982498
10480.75955,250257.4707,84016.25061,330.377686,237.606689
10496.14979,250271.0589,84023.47693,330.625,241.591675
10511.54004,250284.6472,84030.70324,315.609985,246.61969
10526.93029,250298.2354,84037.92956,332.485748,254.030624
10542.32054,250311.8236,84045.15587,312.059418,259.662628
10557.71079,250325.4119,84052.38218,323.346344,267.494019
10573.10104,250339.0001,84059.6085,332.798279,275.012146
10588.49129,250352.5883,84066.83481,348.263519,273.269684
10603.88154,250366.1766,84074.06112,338.814453,271.838959
10619.27179,250379.7648,84081.28744,342.279663,260.121857
10727.00353,250474.8825,84131.87163,297.402374,187.613937
10757.78403,250502.0589,84146.32426,178.363937,176.967651
10773.17428,250515.6472,84153.55058,178.212479,173.000244
10819.34502,250556.4119,84175.22952,199.5,172.730194
10834.73527,250570.0001,84182.45583,178.916122,170.605759
10850.12552,250583.5883,84189.68214,168.710007,168.710007
10896.29627,250624.3531,84211.36109,183.562241,171.385452
10911.68652,250637.9413,84218.5874,192.520004,171.515259
10927.07677,250651.5295,84225.81371,184.210007,169.899963
10942.46701,250665.1178,84233.04003,170.330002,169.41394
10957.85726,250678.706,84240.26634,210.410004,169.993774
10973.24751,250692.2942,84247.49265,184.729996,170.355087
10988.63776,250705.8825,84254.71897,188.110001,169.958496
11004.02801,250719.4707,84261.94528,189.289993,169.4245
11019.41826,250733.0589,84269.17159,175.149994,169.458527
11034.80851,250746.6472,84276.39791,189.630005,169.396652
11050.19876,250760.2354,84283.62422,202.589996,169.21611
11065.58901,250773.8236,84290.85054,185.75,169.012756
11080.97925,250787.4119,84298.07685,207.789993,168.873962
11096.3695,250801.0001,84305.30316,192.820007,168.721344
11111.75975,250814.5884,84312.52948,194.910004,168.627121
11127.15,250828.1766,84319.75579,193.190002,168.600586
11142.54025,250841.7648,84326.9821,203.740005,168.897629
11157.9305,250855.3531,84334.20842,192.649994,168.971176
11173.32075,250868.9413,84341.43473,172.149994,168.915253
11188.711,250882.5295,84348.66105,172.710007,169.042557
11204.10125,250896.1178,84355.88736,184.580002,169.28862
11219.4915,250909.706,84363.11367,187.413544,169.94046
11234.88174,250923.2942,84370.33999,196.309998,169.856674
11250.27199,250936.8825,84377.5663,197.029999,169.607208
11265.66224,250950.4707,84384.79261,190.789993,169.738037
11281.05249,250964.059,84392.01893,198.759995,169.593719
11296.44274,250977.6472,84399.24524,207.929993,170.032654
11311.83299,250991.2354,84406.47156,226.580002,171.125244
11327.22324,251004.8237,84413.69787,206.929993,172.858017
11342.61349,251018.4119,84420.92418,201.320007,174.404404
11358.00374,251032.0001,84428.1505,210.919998,175.629959
11373.39398,251045.5884,84435.37681,213.520004,176.608826
11388.78423,251059.1766,84442.60312,202.940002,177.554199
11404.17448,251072.7648,84449.82944,208.050003,178.451935
11419.56473,251086.3531,84457.05575,214.160004,179.1147
11434.95498,251099.9413,84464.28207,210.529999,179.644028
11450.34523,251113.5295,84471.50838,208.139999,179.803802
11465.73548,251127.1178,84478.73469,211.779999,179.712631
11481.12573,251140.706,84485.96101,199.449997,179.408218
11496.51598,251154.2943,84493.18732,204.169998,178.650772
11511.90623,251167.8825,84500.41363,212.149994,177.95575
11527.29647,251181.4707,84507.63995,212.440002,177.227203
11542.68672,251195.059,84514.86626,193.940002,176.229385
11558.07697,251208.6472,84522.09257,215.589996,176.428207
11573.46722,251222.2354,84529.31889,206.660004,176.940002
11588.85747,251235.8237,84536.5452,221,177.880753
11604.24772,251249.4119,84543.77152,217.009995,178.471176
11619.63797,251263.0001,84550.99783,217.270004,179.151108
11635.02822,251276.5884,84558.22414,203.25,179.764954
11650.41847,251290.1766,84565.45046,221.899994,180.573257
11665.80872,251303.7648,84572.67677,216.089996,181.095383
11681.19896,251317.3531,84579.90308,219.520004,181.559082
11696.58921,251330.9413,84587.1294,202.360001,181.855011
11711.97946,251344.5296,84594.35571,209.059998,182.020264
11727.36971,251358.1178,84601.58203,215.050003,181.920685
11742.75996,251371.706,84608.80834,194.960007,181.716461
11758.15021,251385.2943,84616.03465,208.339996,181.114746
11773.54046,251398.8825,84623.26097,215.190002,180.369202
11788.93071,251412.4707,84630.48728,225.639999,179.345718
11804.32096,251426.059,84637.71359,203.75,178.175003
11819.7112,251439.6472,84644.93991,213.679993,176.921234
11835.10145,251453.2354,84652.16622,208.789993,175.3992
11850.4917,251466.8237,84659.39254,194.289993,174.25415
11865.88195,251480.4119,84666.61885,198.169998,173.148865
11881.2722,251494.0001,84673.84516,197.660004,172.785278
11896.66245,251507.5884,84681.07148,201.399994,172.96492
11912.0527,251521.1766,84688.29779,203.440002,175.491211
11927.44295,251534.7649,84695.5241,215.270004,177.707825
11942.8332,251548.3531,84702.75042,201.990005,179.443863
11958.22345,251561.9413,84709.97673,196.309998,180.413528
11973.61369,251575.5296,84717.20305,223.960007,181.450623
11989.00394,251589.1178,84724.42936,214.279999,182.293991
12004.39419,251602.706,84731.65567,205.080002,182.658386
12019.78444,251616.2943,84738.88199,209.679993,182.974747
12035.17469,251629.8825,84746.1083,212.029999,182.900589
12050.56494,251643.4707,84753.33461,221.190002,182.804932
12065.95519,251657.059,84760.56093,214.889999,182.730789
12081.34544,251670.6472,84767.78724,212.369995,182.407913
12096.73569,251684.2355,84775.01355,213.179993,182.11322
12112.12594,251697.8237,84782.23987,219.389999,181.797165
12127.51618,251711.4119,84789.46618,220.289993,181.411316
12142.90643,251725.0002,84796.6925,187.589996,180.990005
12158.29668,251738.5884,84803.91881,212.440002,180.402191
12173.68693,251752.1766,84811.14512,211.279999,179.596008
12189.07718,251765.7649,84818.37144,213.839996,179.025665
12204.46743,251779.3531,84825.59775,198.259995,178.390015
12219.85768,251792.9413,84832.82406,208.220001,177.528244
12235.24793,251806.5296,84840.05038,208.139999,176.585403
12250.63818,251820.1178,84847.27669,204.729996,175.441086
12266.02842,251833.706,84854.50301,204.270004,174.45546
12281.41867,251847.2943,84861.72932,207.770004,172.679459
12296.80892,251860.8825,84868.95563,197.869995,171.127502
12312.19917,251874.4708,84876.18195,205.149994,170.103531
12327.58942,251888.059,84883.40826,193.589996,169.766846
12342.97967,251901.6472,84890.63457,192.5,169.803131
12358.36992,251915.2355,84897.86089,199.75,170.143188
12373.76017,251928.8237,84905.0872,190.660004,170.881821
12389.15042,251942.4119,84912.31352,173.339996,172.419998
12404.54067,251956.0002,84919.53983,197.820007,174.367096
12419.93091,251969.5884,84926.76614,210.660004,176.359543
12435.32116,251983.1766,84933.99246,217.919998,178.465744
12450.71141,251996.7649,84941.21877,217.419998,180.439148
12466.10166,252010.3531,84948.44508,196.169998,182.278351
12481.49191,252023.9413,84955.6714,218.979996,182.480606
12496.88216,252037.5296,84962.89771,220.25,182.567337
12512.27241,252051.1178,84970.12403,217.369995,182.005722
12527.66266,252064.7061,84977.35034,222.679993,181.187241
12543.05291,252078.2943,84984.57665,217.729996,180.40007
12558.44316,252091.8825,84991.80297,200.600006,179.873077
12573.8334,252105.4708,84999.02928,192.330002,179.213791
12589.22365,252119.059,85006.25559,200.889999,178.021515
12604.6139,252132.6472,85013.48191,217.190002,176.205704
12620.00415,252146.2355,85020.70822,216.169998,174.517181
12635.3944,252159.8237,85027.93454,199.970001,172.856567
12650.78465,252173.4119,85035.16085,197.639999,171.457306
12666.1749,252187.0002,85042.38716,172.820007,171.190002
12681.56515,252200.5884,85049.61348,196.429993,172.589935
12696.9554,252214.1766,85056.83979,186.860001,174.089203
12712.34564,252227.7649,85064.0661,193.179993,175.157776
12727.73589,252241.3531,85071.29242,217.679993,176.263153
12743.12614,252254.9414,85078.51873,213.889999,176.906433
12758.51639,252268.5296,85085.74504,219.490005,178.139999
12773.90664,252282.1178,85092.97136,206.490005,178.910889
12789.29689,252295.7061,85100.19767,203.860001,179.780609
12804.68714,252309.2943,85107.42399,205.210007,180.541336
12820.07739,252322.8825,85114.6503,210.690002,181.352402
12835.46764,252336.4708,85121.87661,202.559998,182.075027
12850.85789,252350.059,85129.10293,213.589996,182.79631
12866.24813,252363.6472,85136.32924,196.520004,183.568314
12881.63838,252377.2355,85143.55555,195.740005,184.58493
12897.02863,252390.8237,85150.78187,220.690002,185.073288
12912.41888,252404.412,85158.00818,228.520004,185.964371
12927.80913,252418.0002,85165.2345,226.089996,186.836426
12943.19938,252431.5884,85172.46081,214.979996,187.659775
12958.58963,252445.1767,85179.68712,225.100006,188.525421
12973.97988,252458.7649,85186.91344,234.240005,189.16655
12989.37013,252472.3531,85194.13975,215.779999,189.605331
13004.76038,252485.9414,85201.36606,215.729996,189.960571
13020.15062,252499.5296,85208.59238,226.75,190.079224
13035.54087,252513.1178,85215.81869,212.960007,189.845184
13050.93112,252526.7061,85223.04501,208.699997,189.686539
13066.32137,252540.2943,85230.27132,203.570007,189.678436
13081.71162,252553.8825,85237.49763,211.350006,189.781464
13097.10187,252567.4708,85244.72395,224.940002,190.204681
13112.49212,252581.059,85251.95026,231.270004,190.595932
13127.88237,252594.6473,85259.17657,223.309998,190.790649
13143.27262,252608.2355,85266.40289,221.339996,190.969208
13158.66286,252621.8237,85273.6292,218.470001,190.635101
13174.05311,252635.412,85280.85552,226.139999,189.684937
13189.44336,252649.0002,85288.08183,226.910004,187.744873
13204.83361,252662.5884,85295.30814,216.710007,185.977966
13220.22386,252676.1767,85302.53446,218.529999,184.085281
13235.61411,252689.7649,85309.76077,208.869995,182.019806
13251.00436,252703.3531,85316.98708,207.589996,179.825256
13266.39461,252716.9414,85324.2134,204.559998,177.809067
13281.78486,252730.5296,85331.43971,205.479996,175.825607
13297.17511,252744.1178,85338.66602,195.770004,174.10466
13312.56535,252757.7061,85345.89234,194.619995,172.520187
13327.9556,252771.2943,85353.11865,209.630005,171.279388
13343.34585,252784.8826,85360.34497,200.070007,170.699722
13358.7361,252798.4708,85367.57128,175.690002,170.436371
13374.12635,252812.059,85374.79759,197.399994,170.97908
13389.5166,252825.6473,85382.02391,200.470001,171.067627
13404.90685,252839.2355,85389.25022,197.5,171.590576
13420.2971,252852.8237,85396.47653,186.779999,171.919159
13435.68735,252866.412,85403.70285,189.289993,172.608505
13451.0776,252880.0002,85410.92916,182.759995,172.789993
13466.46784,252893.5884,85418.15548,193.630005,173.282898
13481.85809,252907.1767,85425.38179,200.320007,173.789551
13497.24834,252920.7649,85432.6081,211.520004,174.820068
13512.63859,252934.3531,85439.83442,195.300003,176.003799
13528.02884,252947.9414,85447.06073,197.259995,177.334305
13543.41909,252961.5296,85454.28704,212.259995,178.834503
13558.80934,252975.1179,85461.51336,193.009995,180.103333
13574.19959,252988.7061,85468.73967,220.910004,181.132523
13589.58984,253002.2943,85475.96599,214.419998,182.054199
13604.98008,253015.8826,85483.1923,201.979996,182.886078
13620.37033,253029.4708,85490.41861,219.419998,183.383041
13635.76058,253043.059,85497.64493,213.130005,183.477722
13651.15083,253056.6473,85504.87124,217.050003,183.221481
13666.54108,253070.2355,85512.09755,211.080002,182.448196
13681.93133,253083.8237,85519.32387,202.179993,181.30545
13697.32158,253097.412,85526.55018,210.559998,179.666367
13712.71183,253111.0002,85533.7765,204.410004,177.770828
13728.10208,253124.5885,85541.00281,208.850006,175.94696
13743.49233,253138.1767,85548.22912,209.860001,174.129913
13758.88257,253151.7649,85555.45544,207.190002,172.752655
13774.27282,253165.3532,85562.68175,202.630005,171.462158
13789.66307,253178.9414,85569.90806,202.070007,170.124237
13805.05332,253192.5296,85577.13438,190.029999,168.935669
13820.44357,253206.1179,85584.36069,206.679993,168.103485
13835.83382,253219.7061,85591.587,191.130005,167.461563
13851.22407,253233.2943,85598.81332,192.990005,166.86409
13866.61432,253246.8826,85606.03963,188.850006,166.25441
13882.00457,253260.4708,85613.26595,182.960007,166.219254
13897.39482,253274.059,85620.49226,191.520004,166.861481
13912.78506,253287.6473,85627.71857,197.029999,167.099579
13928.17531,253301.2355,85634.94489,187.070007,167.790909
13943.56556,253314.8238,85642.1712,194.660004,167.736801
13958.95581,253328.412,85649.39751,191.970001,167.442276
13974.34606,253342.0002,85656.62383,166.889999,166.706665
13989.73631,253355.5885,85663.85014,189.369995,165.874344
14005.12656,253369.1767,85671.07646,191,165.662643
14020.51681,253382.7649,85678.30277,171.940002,165.616699
14035.90706,253396.3532,85685.52908,195,165.531219
14051.2973,253409.9414,85692.7554,192.789993,165.481216
14066.68755,253423.5296,85699.98171,184.580002,165.460007
14082.0778,253437.1179,85707.20802,199.050003,165.383942
14097.46805,253450.7061,85714.43434,187.470001,165.627304
14112.8583,253464.2943,85721.66065,194.949997,165.632736
14128.24855,253477.8826,85728.88697,181.75,165.838165
14143.6388,253491.4708,85736.11328,178.639999,166.00386
14159.02905,253505.0591,85743.33959,171.220001,165.336472
14235.98029,253573.0002,85779.47116,175.117752,163.345062
14251.37054,253586.5885,85786.69748,183.889999,164.577011
14266.76079,253600.1767,85793.92379,198.550003,165.643921
14282.15104,253613.7649,85801.1501,173.919998,165.894577
14297.54129,253627.3532,85808.37642,193.889999,166.11618
14312.93154,253640.9414,85815.60273,170.029999,165.872375
14328.32179,253654.5296,85822.82904,170.470001,165.630005
14343.71204,253668.1179,85830.05536,170.169998,165.861664
14359.10228,253681.7061,85837.28167,166.820007,166.279999
14374.49253,253695.2944,85844.50799,168.470001,165.73999
14389.88278,253708.8826,85851.7343,167.399994,165.75441
14405.27303,253722.4708,85858.96061,175.710007,165.646027
14420.66328,253736.0591,85866.18693,163.919998,163.919998
14528.39502,253831.1767,85916.77112,164.642059,163.335464
14543.78527,253844.7649,85923.99744,186.220001,163.79628
14559.17552,253858.3532,85931.22375,184.270004,166.587524
14574.56577,253871.9414,85938.45006,181.580002,167.230011
14589.95602,253885.5297,85945.67638,175.039993,167.796112
14605.34627,253899.1179,85952.90269,192.199997,168.266937
14620.73652,253912.7061,85960.129,182.119995,168.729477
14636.12677,253926.2944,85967.35532,169.509995,168.984314
14651.51701,253939.8826,85974.58163,188.199997,168.887451
14666.90726,253953.4708,85981.80795,193.830002,168.493027
14682.29751,253967.0591,85989.03426,193.429993,167.983337
14697.68776,253980.6473,85996.26057,196.940002,167.440918
14713.07801,253994.2355,86003.48689,178.820007,166.82338
14728.46826,254007.8238,86010.7132,181.190002,166.338821
14743.85851,254021.412,86017.93951,171.940002,165.640594
14759.24876,254035.0003,86025.16583,177.020004,165.32373
14774.63901,254048.5885,86032.39214,175.619995,165.247055
14790.02926,254062.1767,86039.61846,167.5,165.555664
14805.4195,254075.765,86046.84477,184.979996,165.419128
14820.80975,254089.3532,86054.07108,185.210007,165.383316
14836.2,254102.9414,86061.2974,191.419998,165.364075
14851.59025,254116.5297,86068.52371,186.449997,165.428192
14866.9805,254130.1179,86075.75002,173.759995,165.471405
14882.37075,254143.7061,86082.97634,170.110001,164.784729
14897.761,254157.2944,86090.20265,167.539993,164.634674
14913.15125,254170.8826,86097.42897,173.309998,164.662689
14928.5415,254184.4708,86104.65528,184.759995,165.162994
14943.93174,254198.0591,86111.88159,167.100006,165.809998
14959.32199,254211.6473,86119.10791,172.289993,165.360001
14974.71224,254225.2356,86126.33422,189.089996,165.577972
14990.10249,254238.8238,86133.56053,196.139999,165.582153
15005.49274,254252.412,86140.78685,195.139999,165.63089
15020.88299,254266.0003,86148.01316,179.419998,165.793655
15036.27324,254279.5885,86155.23947,201.229996,165.817917
15051.66349,254293.1767,86162.46579,193.970001,165.986008
15067.05374,254306.765,86169.6921,196.279999,165.653381
15082.44399,254320.3532,86176.91842,185.139999,165.374344
15097.83423,254333.9414,86184.14473,186.789993,164.619995
15113.22448,254347.5297,86191.37104,175.550003,164.327179
15128.61473,254361.1179,86198.59736,185.490005,164.860977
15144.00498,254374.7061,86205.82367,163.720001,163.639999
