dist,x,y,dsm,dtm,height
0,242707.8809,80103.02687,340.910004,306.234161,34.551838
1.134528426,242708.909,80103.50665,341.679993,306.658508,34.860775
2.269056853,242709.9371,80103.98642,342.480011,307.074707,35.372181
3.403585279,242710.9652,80104.4662,342.269989,307.624603,34.708092
4.538113705,242711.9933,80104.94597,341.950012,308.013672,34.125874
5.672642131,242713.0214,80105.42575,339.700012,308.985168,30.793846
6.807170558,242714.0495,80105.90552,339.209991,309.357635,30.07045
7.941698984,242715.0776,80106.3853,337.01001,309.906372,27.096025
9.07622741,242716.1057,80106.86507,337.049988,310.236633,26.811007
10.21075584,242717.1338,80107.34485,341.049988,310.612274,30.381199
11.34528426,242718.1618,80107.82463,342.299988,310.660004,31.43955
12.47981269,242719.1899,80108.3044,342.920013,311.481903,31.70019
13.61434112,242720.218,80108.78418,343.589996,311.983795,31.589474
14.74886954,242721.2461,80109.26395,344.070007,312.663818,31.302414
15.88339797,242722.2742,80109.74373,344,313.13443,30.959425
17.01792639,242723.3023,80110.2235,337.01001,313.794922,23.27766
18.15245482,242724.3304,80110.70328,338.059998,314.240906,23.716566
19.28698325,242725.3585,80111.18305,338.649994,314.869781,23.656574
20.42151167,242726.3866,80111.66283,344.130005,315.302826,28.833778
21.5560401,242727.4147,80112.14261,344.359985,315.948486,28.387358
22.69056853,242728.4428,80112.62238,346.570007,316.38385,30.102598
23.82509695,242729.4708,80113.10216,346.459991,317.014648,29.282806
24.95962538,242730.4989,80113.58193,346.480011,317.402405,29.099638
26.0941538,242731.527,80114.06171,345.600006,318.008209,27.586208
27.22868223,242732.5551,80114.54148,351.399994,318.484406,32.872993
28.36321066,242733.5832,80115.02126,355.859985,319.197296,36.480118
29.49773908,242734.6113,80115.50103,358.329987,319.724884,38.74662
30.63226751,242735.6394,80115.98081,344.859985,320.230774,24.360544
31.76679594,242736.6675,80116.46059,355.899994,320.949432,35.205482
32.90132436,242737.6956,80116.94036,350.809998,321.44519,29.257126
34.03585279,242738.7237,80117.42014,350.764252,322.159698,28.67601
35.17038122,242739.7517,80117.89991,347.149994,322.570923,24.624199
36.30490964,242740.7798,80118.37969,348.170013,323.23999,24.882469
37.43943807,242741.8079,80118.85946,350.869995,323.733429,27.184923
38.57396649,242742.836,80119.33924,352.209991,324.442841,27.75819
39.70849492,242743.8641,80119.81902,347.899994,324.818573,23.085909
40.84302335,242744.8922,80120.29879,349.5,325.578278,24.084463
41.97755177,242745.9203,80120.77857,349.929993,326.087128,23.750208
43.1120802,242746.9484,80121.25834,355.170013,326.849091,28.278469
44.24660863,242747.9765,80121.73812,355.519989,327.300018,27.970226
45.38113705,242749.0046,80122.21789,372.899994,328.420868,44.565617
46.51566548,242750.0327,80122.69767,374.040009,328.733429,45.256256
47.6501939,242751.0607,80123.17744,374.23999,329.360718,44.902279
48.78472233,242752.0888,80123.65722,374.220001,329.718323,44.537392
49.91925076,242753.1169,80124.137,370.670013,330.289185,40.458801
51.05377918,242754.145,80124.61677,369.959991,330.669037,39.362907
52.18830761,242755.1731,80125.09655,381.279999,331.31427,49.809052
53.32283604,242756.2012,80125.57632,381.850006,331.686127,50.153751
54.45736446,242757.2293,80126.0561,383.220001,332.297058,50.789066
55.59189289,242758.2574,80126.53587,383.48999,332.683441,50.863544
56.72642131,242759.2855,80127.01565,390.079987,333.443481,56.756744
57.86094974,242760.3136,80127.49542,389.589996,333.939972,55.87569
58.99547817,242761.3416,80127.9752,389.579987,334.393982,55.027451
60.13000659,242762.3697,80128.45498,389.790009,335.095001,54.811958
61.26453502,242763.3978,80128.93475,388.839996,335.65036,53.264076
62.39906345,242764.4259,80129.41453,387.359985,336.065674,51.300285
63.53359187,242765.454,80129.8943,387.619995,336.425781,51.236385
64.6681203,242766.4821,80130.37408,387.279999,336.820007,50.575401
65.80264873,242767.5102,80130.85385,385.920013,337.256592,48.882931
66.93717715,242768.5383,80131.33363,382.190002,337.799194,44.392258
68.07170558,242769.5664,80131.8134,366.670013,338.183044,28.506376
69.206234,242770.5945,80132.29318,367.440002,338.762329,28.662792
70.34076243,242771.6226,80132.77296,367.959991,339.144745,28.616159
71.47529086,242772.6506,80133.25273,385.579987,339.823761,45.736065
72.60981928,242773.6787,80133.73251,385.940002,340.213654,45.709061
73.74434771,242774.7068,80134.21228,387.470001,340.845459,46.404526
74.87887614,242775.7349,80134.69206,386.880005,341.170013,45.607571
76.01340456,242776.763,80135.17183,385.839996,341.928009,44.136776
77.14793299,242777.7911,80135.65161,386.910004,342.325745,44.506176
78.28246141,242778.8192,80136.13138,387.209991,342.991943,44.150913
79.41698984,242779.8473,80136.61116,384.480011,343.386292,41.084438
80.55151827,242780.8754,80137.09094,366.48999,344.032013,22.520836
81.68604669,242781.9035,80137.57071,395.299988,344.35553,51.003265
82.82057512,242782.9315,80138.05049,411.809998,345.050659,66.536125
83.95510355,242783.9596,80138.53026,413.109985,345.274658,67.788315
85.08963197,242784.9877,80139.01004,415.220001,345.902039,69.250664
86.2241604,242786.0158,80139.48981,414.75,346.577301,68.42067
87.35868882,242787.0439,80139.96959,414.559998,346.87677,67.79776
88.49321725,242788.072,80140.44937,414.359985,347.60083,66.942825
89.62774568,242789.1001,80140.92914,413.640015,348.133575,65.308914
90.7622741,242790.1282,80141.40892,414.040009,348.816498,65.079933
91.89680253,242791.1563,80141.88869,414.519989,349.297821,65.102753
93.03133096,242792.1844,80142.36847,418.700012,349.953918,68.400322
94.16585938,242793.2125,80142.84824,418.730011,350.476898,68.338676
95.30038781,242794.2405,80143.32802,418.089996,351.445007,67.005569
96.43491624,242795.2686,80143.80779,418.109985,352.033051,66.112984
97.56944466,242796.2967,80144.28757,419.230011,352.923859,66.592445
98.70397309,242797.3248,80144.76735,418.899994,353.457214,65.350731
99.83850151,242798.3529,80145.24712,418.980011,353.900085,64.862045
100.9730299,242799.381,80145.7269,418.820007,354.348907,64.543282
102.1075584,242800.4091,80146.20667,417.549988,354.849915,62.796139
103.2420868,242801.4372,80146.68645,415.049988,355.274933,59.930908
104.3766152,242802.4653,80147.16622,409.769989,355.861115,53.868896
105.5111436,242803.4934,80147.646,410.679993,356.367035,54.235378
106.6456721,242804.5215,80148.12577,413.579987,356.961578,56.84248
107.7802005,242805.5495,80148.60555,427.200012,357.411743,69.597504
108.9147289,242806.5776,80149.08533,432.920013,358.058929,74.820915
110.0492574,242807.6057,80149.5651,433.820007,358.670013,75.239433
111.1837858,242808.6338,80150.04488,433.720001,359.209991,74.69426
112.3183142,242809.6619,80150.52465,433.809998,359.549591,74.321999
113.4528426,242810.69,80151.00443,428.589996,360.083649,68.754425
114.5873711,242811.7181,80151.4842,435.269989,360.449768,74.716011
115.7218995,242812.7462,80151.96398,436.540009,360.730011,75.694778
116.8564279,242813.7743,80152.44375,437.269989,361.328827,76.017159
117.9909563,242814.8024,80152.92353,437.079987,361.755432,75.287766
119.1254848,242815.8304,80153.40331,437.829987,362.449158,75.262917
120.2600132,242816.8585,80153.88308,437.910004,362.82135,75.11293
121.3945416,242817.8866,80154.36286,437.279999,363.417511,73.941467
122.52907,242818.9147,80154.84263,436.869995,363.79538,73.148109
123.6635985,242819.9428,80155.32241,437.23999,364.441925,72.731339
124.7981269,242820.9709,80155.80218,437.200012,364.776703,72.56076
125.9326553,242821.999,80156.28196,437.130005,365.333344,71.978851
127.0671837,242823.0271,80156.76173,436.480011,366.037903,70.562881
128.2017122,242824.0552,80157.24151,423.730011,366.170013,57.385895
129.3362406,242825.0833,80157.72129,424.290009,366.956238,57.320908
130.470769,242826.1114,80158.20106,422.769989,367.565002,55.331379
131.6052975,242827.1394,80158.68084,423.220001,367.996216,55.427677
132.7398259,242828.1675,80159.16061,419.329987,368.582611,50.932934
133.8743543,242829.1956,80159.64039,414.809998,369.029633,45.861217
135.0088827,242830.2237,80160.12016,414.809998,369.705261,45.310608
136.1434112,242831.2518,80160.59994,412.519989,370.21637,42.372581
137.2779396,242832.2799,80161.07972,397.859985,370.886627,27.124313
138.412468,242833.308,80161.55949,397.350006,371.404053,26.171652
139.5469964,242834.3361,80162.03927,400.910004,372.096527,28.758747
140.6815249,242835.3642,80162.51904,401.200012,372.581665,28.555647
141.8160533,242836.3923,80162.99882,400.910004,373.07193,28.039326
142.9505817,242837.4203,80163.47859,403.980011,373.733643,30.267748
144.0851101,242838.4484,80163.95837,405.399994,374.304993,30.921663
145.2196386,242839.4765,80164.43814,406.059998,374.984467,31.164673
146.354167,242840.5046,80164.91792,406.089996,375.404022,30.827822
147.4886954,242841.5327,80165.3977,405.899994,376.068359,29.805162
148.6232238,242842.5608,80165.87747,405.540009,376.554443,29.139828
149.7577523,242843.5889,80166.35725,405.190002,377.53064,27.933437
150.8922807,242844.617,80166.83702,412.730011,377.924194,34.642971
152.0268091,242845.6451,80167.3168,400.534485,378.749146,21.755484
153.1613376,242846.6732,80167.79657,402.514313,379.126099,23.355598
154.295866,242847.7013,80168.27635,399.734924,379.814758,19.965036
155.4303944,242848.7293,80168.75612,402.042755,380.185883,21.919664
156.5649228,242849.7574,80169.2359,398.919708,380.761444,18.090446
157.6994513,242850.7855,80169.71568,404.41153,381.194153,23.224054
158.8339797,242851.8136,80170.19545,435.070007,381.824951,53.340271
159.9685081,242852.8417,80170.67523,383.559998,382.730011,1.208744
161.1030365,242853.8698,80171.155,441.98999,382.739563,59.158936
162.237565,242854.8979,80171.63478,442.070007,383.14859,58.999886
163.3720934,242855.926,80172.11455,442.170013,383.809998,58.458912
164.5066218,242856.9541,80172.59433,442,384.103638,57.985325
165.6411502,242857.9822,80173.0741,444.429993,384.677155,59.753391
166.7756787,242859.0102,80173.55388,445.940002,385.700623,60.365448
167.9102071,242860.0383,80174.03366,446,386.284821,59.854225
169.0447355,242861.0664,80174.51343,445.950012,386.835541,59.229843
170.1792639,242862.0945,80174.99321,444.119995,387.367767,56.592731
171.3137924,242863.1226,80175.47298,444.640015,387.921509,56.893166
172.4483208,242864.1507,80175.95276,450.369995,388.4039,61.961346
173.5828492,242865.1788,80176.43253,451.049988,388.941193,61.891373
174.7173777,242866.2069,80176.91231,451.700012,389.414734,62.262001
175.8519061,242867.235,80177.39208,452.079987,389.963501,62.292107
176.9864345,242868.2631,80177.87186,452.019989,390.429596,61.796124
178.1209629,242869.2912,80178.35164,451.540009,391.117096,60.21629
179.2554914,242870.3192,80178.83141,452.119995,391.698547,60.116875
180.3900198,242871.3473,80179.31119,452.600006,392.396454,60.349617
181.5245482,242872.3754,80179.79096,452.049988,393.130005,59.097198
182.6590766,242873.4035,80180.27074,452.910004,393.339996,59.8046
183.7936051,242874.4316,80180.75051,451.470001,393.675354,57.931145
184.9281335,242875.4597,80181.23029,450.98999,394.020233,57.0849
186.0626619,242876.4878,80181.71007,450.670013,394.431854,56.325603
187.1971903,242877.5159,80182.18984,449.339996,394.856628,54.524162
188.3317188,242878.544,80182.66962,447.799988,395.26001,52.423637
189.4662472,242879.5721,80183.14939,447.089996,395.529999,51.57193
190.6007756,242880.6002,80183.62917,446.540009,395.953186,50.78199
191.735304,242881.6282,80184.10894,444.859985,396.373962,48.535255
192.8698325,242882.6563,80184.58872,443.579987,396.784637,46.895306
194.0043609,242883.6844,80185.06849,436.410004,397.184174,39.239311
195.1388893,242884.7125,80185.54827,435.399994,397.477051,38.030163
196.2734178,242885.7406,80186.02805,434.480011,397.851105,36.75544
197.4079462,242886.7687,80186.50782,420.380005,398.196808,22.317558
198.5424746,242887.7968,80186.9876,422.279999,398.552429,23.564344
199.677003,242888.8249,80187.46737,423.290009,399.019745,24.112988
200.8115315,242889.853,80187.94715,423.190002,399.385437,23.801662
201.9460599,242890.8811,80188.42692,438.440002,399.862885,38.508869
203.0805883,242891.9091,80188.9067,439.369995,400.24173,39.164349
204.2151167,242892.9372,80189.38647,439.619995,400.745941,38.82399
205.3496452,242893.9653,80189.86625,439.859985,401.091888,38.72229
206.4841736,242894.9934,80190.34603,439.630005,401.62146,38.157986
207.618702,242896.0215,80190.8258,438.640015,402.356903,36.462566
208.7532304,242897.0496,80191.30558,441.269989,402.877563,38.250813
209.8877589,242898.0777,80191.78535,441.380005,403.262695,38.22834
211.0222873,242899.1058,80192.26513,442.160004,403.83197,38.284237
212.1568157,242900.1339,80192.7449,442.320007,404.165527,38.055443
213.2913441,242901.162,80193.22468,434.75,404.685394,30.025141
214.4258726,242902.1901,80193.70445,446.290009,405.107666,41.246799
215.560401,242903.2181,80194.18423,445.769989,405.781158,40.175056
216.6949294,242904.2462,80194.66401,444.579987,406.123779,38.567688
217.8294578,242905.2743,80195.14378,434.049988,406.628418,27.333124
218.9639863,242906.3024,80195.62356,439.670013,406.987091,32.458298
220.0985147,242907.3305,80196.10333,440.059998,407.496765,32.681118
221.2330431,242908.3586,80196.58311,439.950012,407.736389,32.227779
222.3675716,242909.3867,80197.06288,437.130005,408.160004,29.028133
223.5021,242910.4148,80197.54266,430.049988,408.23999,21.692305
224.6366284,242911.4429,80198.02243,435.559998,408.717896,26.873804
225.7711568,242912.471,80198.50221,435.730011,409.022522,26.62195
226.9056853,242913.499,80198.98199,430.529999,409.320496,21.11812
228.0402137,242914.5271,80199.46176,433.109985,409.761047,23.345354
229.1747421,242915.5552,80199.94154,433.309998,410.0242,23.308081
230.3092705,242916.5833,80200.42131,433.279999,410.444824,22.843441
231.443799,242917.6114,80200.90109,430.589996,410.633179,19.990993
232.5783274,242918.6395,80201.38086,429.230011,410.993988,18.35516
233.7128558,242919.6676,80201.86064,429.209991,411.127075,18.106228
234.8473842,242920.6957,80202.34042,445.570007,411.299988,34.229961
235.9819127,242921.7238,80202.82019,445.410004,411.458282,33.87141
237.1164411,242922.7519,80203.29997,445.079987,411.632477,33.364292
238.2509695,242923.78,80203.77974,426.549988,411.600006,14.943403
239.3854979,242924.808,80204.25952,430.640015,411.829987,18.856413
240.5200264,242925.8361,80204.73929,430.869995,411.779999,19.201494
241.6545548,242926.8642,80205.21907,434.130005,412.005768,22.076767
242.7890832,242927.8923,80205.69884,433.98999,411.927948,21.828911
243.9236117,242928.9204,80206.17862,435.380005,411.987396,23.418339
245.0581401,242929.9485,80206.6584,438.679993,411.771332,27.008276
246.1926685,242930.9766,80207.13817,437.970001,411.78775,26.275034
247.3271969,242932.0047,80207.61795,438.690002,411.425415,27.399406
248.4617254,242933.0328,80208.09772,431.130005,411.347229,19.709421
249.5962538,242934.0609,80208.5775,436.619995,411.134277,25.5051
250.7307822,242935.0889,80209.05727,433.359985,411.075439,22.297729
251.8653106,242936.117,80209.53705,433.649994,410.841431,22.73131
252.9998391,242937.1451,80210.01682,433.200012,410.673737,22.656384
254.1343675,242938.1732,80210.4966,433.850006,410.339355,23.49066
255.2688959,242939.2013,80210.97638,433.600006,410.097351,23.575054
256.4034243,242940.2294,80211.45615,431.369995,409.947571,21.309612
257.5379528,242941.2575,80211.93593,428.480011,409.67691,18.748562
258.6724812,242942.2856,80212.4157,425.679993,409.609985,16.058868
259.8070096,242943.3137,80212.89548,427.690002,409.179993,18.548977
260.941538,242944.3418,80213.37525,426.26001,409.480011,16.787619
262.0760665,242945.3699,80213.85503,428.170013,408.991791,19.259697
263.2105949,242946.3979,80214.3348,430.5,408.788574,21.664602
264.3451233,242947.426,80214.81458,430.559998,408.453766,22.122547
265.4796518,242948.4541,80215.29436,429.73999,408.15036,21.639153
266.6141802,242949.4822,80215.77413,429.709991,407.820007,22.078478
267.7487086,242950.5103,80216.25391,428.429993,407.533325,21.157345
268.883237,242951.5384,80216.73368,428.839996,406.923981,21.652946
270.0177655,242952.5665,80217.21346,429.769989,406.434418,23.137253
271.1522939,242953.5946,80217.69323,428.799988,405.940002,22.848833
272.2868223,242954.6227,80218.17301,427.859985,405.383545,22.354683
273.4213507,242955.6508,80218.65278,424.549988,404.973907,19.484808
274.5558792,242956.6788,80219.13256,426,404.420013,21.795212
275.6904076,242957.7069,80219.61234,426.690002,403.851105,22.942726
276.824936,242958.735,80220.09211,426.829987,403.084534,23.998814
277.9594644,242959.7631,80220.57189,427.140015,402.536346,24.850473
279.0939929,242960.7912,80221.05166,426.019989,401.844574,24.208158
280.2285213,242961.8193,80221.53144,426.609985,401.243042,25.197803
281.3630497,242962.8474,80222.01121,425.549988,400.430634,24.942362
282.4975781,242963.8755,80222.49099,424.329987,399.85379,24.221642
283.6321066,242964.9036,80222.97077,424.019989,399.250366,24.916086
284.766635,242965.9317,80223.45054,419.850006,398.491669,21.278702
285.9011634,242966.9598,80223.93032,419.279999,397.947571,21.232658
287.0356919,242967.9878,80224.41009,425.299988,397.20108,28.207779
288.1702203,242969.0159,80224.88987,424.660004,396.149048,28.639019
289.3047487,242970.044,80225.36964,424.700012,395.449005,29.468145
290.4392771,242971.0721,80225.84942,424.579987,394.941101,29.561222
291.5738056,242972.1002,80226.32919,420.630005,394.280151,26.31246
292.708334,242973.1283,80226.80897,418.399994,393.830017,24.698496
293.8428624,242974.1564,80227.28875,418.359985,393.600006,24.827429
294.9773908,242975.1845,80227.76852,417.570007,393.170013,24.260159
296.1119193,242976.2126,80228.2483,416.059998,392.070679,23.877424
297.2464477,242977.2407,80228.72807,407.640015,391.34726,16.039312
298.3809761,242978.2688,80229.20785,406.519989,390.348999,16.254059
299.5155045,242979.2968,80229.68762,413.809998,389.663391,24.583597
300.650033,242980.3249,80230.1674,413.880005,388.753967,25.35607
301.7845614,242981.353,80230.64717,403.880005,388.103424,15.671899
302.9190898,242982.3811,80231.12695,405.720001,387.209351,18.753063
304.0536182,242983.4092,80231.60673,405.630005,386.594208,18.917274
305.1881467,242984.4373,80232.0865,405.540009,385.713104,19.585285
306.3226751,242985.4654,80232.56628,403.25,385.146942,17.798365
307.4572035,242986.4935,80233.04605,400.193237,384.287811,15.988025
308.591732,242987.5216,80233.52583,399.290009,383.697937,15.691801
309.7262604,242988.5497,80234.0056,394.730011,382.879822,11.823462
310.8607888,242989.5777,80234.48538,403.290009,382.261688,21.139917
311.9953172,242990.6058,80234.96515,403.369995,381.669891,21.759777
313.1298457,242991.6339,80235.44493,403.160004,380.847839,22.546621
314.2643741,242992.662,80235.92471,402.959991,380.294189,22.463549
315.3989025,242993.6901,80236.40448,398.951416,379.565002,19.460209
316.5334309,242994.7182,80236.88426,395.570007,378.905792,16.713037
317.6679594,242995.7463,80237.36403,396.390015,378.520905,17.966455
318.8024878,242996.7744,80237.84381,397.549988,378.339996,19.458897
319.9370162,242997.8025,80238.32358,398.329987,377.450012,20.891851
321.0715446,242998.8306,80238.80336,397.059998,376.803345,20.285326
322.2060731,242999.8587,80239.28313,396.149994,375.869171,20.277525
323.3406015,243000.8867,80239.76291,396.390015,375.222504,20.934282
324.4751299,243001.9148,80240.24269,393.579987,374.265533,19.421089
325.6096583,243002.9429,80240.72246,394.380005,373.454468,21.325119
326.7441868,243003.971,80241.20224,406.390015,372.33313,34.455757
327.8787152,243004.9991,80241.68201,406.630005,371.557098,35.080215
329.0132436,243006.0272,80242.16179,407.109985,369.512207,37.731743
330.1477721,243007.0553,80242.64156,407.459991,368.932495,38.489391
331.2823005,243008.0834,80243.12134,406.230011,368.118317,38.115467
332.4168289,243009.1115,80243.60112,401.670013,367.216858,34.693424
333.5513573,243010.1396,80244.08089,393.079987,366.513672,26.681393
334.6858858,243011.1676,80244.56067,410.619995,366.660004,44.460987
335.8204142,243012.1957,80245.04044,412,365.364532,46.793236
336.9549426,243013.2238,80245.52022,411.779999,364.398071,47.694885
338.089471,243014.2519,80245.99999,411.880005,363.405182,48.314426
339.2239995,243015.28,80246.47977,411.799988,362.37149,49.735001
340.3585279,243016.3081,80246.95954,411.5,361.436432,50.062042
341.4930563,243017.3362,80247.43932,410.220001,360.222656,49.801514
342.6275847,243018.3643,80247.9191,405.709991,359.337799,46.092503
343.7621132,243019.3924,80248.39887,409.320007,358.202545,51.050339
344.8966416,243020.4205,80248.87865,408.890015,357.192322,51.514004
346.03117,243021.4486,80249.35842,409.100006,355.904999,53.015133
347.1656984,243022.4766,80249.8382,408.459991,355.018921,53.063404
348.3002269,243023.5047,80250.31797,407.429993,353.684845,53.781956
349.4347553,243024.5328,80250.79775,406.880005,352.519989,54.170738
350.5692837,243025.5609,80251.27752,392.109985,351.758575,40.102661
351.7038122,243026.589,80251.7573,391.649994,351.030365,40.617683
352.8383406,243027.6171,80252.23708,370.649994,349.852112,21.090658
353.972869,243028.6452,80252.71685,370.850006,349.421783,21.524647
355.1073974,243029.6733,80253.19663,364,348.328033,15.452669
356.2419259,243030.7014,80253.6764,360.670013,347.716644,13.135024
357.3764543,243031.7295,80254.15618,364.850006,346.663391,18.455778
358.5109827,243032.7575,80254.63595,377.579987,346.100159,31.554173
359.6455111,243033.7856,80255.11573,376.540009,345.065002,31.247519
360.7800396,243034.8137,80255.5955,375.25,344.478058,30.723631
361.914568,243035.8418,80256.07528,343.640015,343.42334,0.131669
363.0490964,243036.8699,80256.55506,359.940002,343.097961,16.713709
364.1836248,243037.898,80257.03483,363.25,342.261536,20.998899
365.3181533,243038.9261,80257.51461,363.839996,341.847839,22.082207
366.4526817,243039.9542,80257.99438,364.470001,341.378021,22.97546
367.5872101,243040.9823,80258.47416,364.119995,340.424347,23.676611
368.7217385,243042.0104,80258.95393,361.769989,339.588257,22.276073
369.856267,243043.0385,80259.43371,359.859985,338.775848,21.338602
370.9907954,243044.0665,80259.91348,363.600006,338.439972,25.535788
372.1253238,243045.0946,80260.39326,366.23999,337.369995,28.774372
373.2598523,243046.1227,80260.87304,366.089996,337.092499,28.823793
374.3943807,243047.1508,80261.35281,366.390015,336.257782,30.16572
375.5289091,243048.1789,80261.83259,366.51001,335.812897,30.800152
376.6634375,243049.207,80262.31236,366.290009,334.95462,31.625652
377.797966,243050.2351,80262.79214,368.320007,334.537292,34.005333
378.9324944,243051.2632,80263.27191,368.829987,333.642883,35.435307
380.0670228,243052.2913,80263.75169,369.019989,333.189697,35.988918
381.2015512,243053.3194,80264.23147,369.059998,332.40918,36.646965
382.3360797,243054.3474,80264.71124,368.920013,332.024231,36.559872
383.4706081,243055.3755,80265.19102,367.5,331.049988,35.979794
384.6051365,243056.4036,80265.67079,366.209991,330.803101,35.369576
385.7396649,243057.4317,80266.15057,365.869995,329.909088,35.780483
386.8741934,243058.4598,80266.63034,360.670013,329.75,30.985264
388.0087218,243059.4879,80267.11012,357.589996,328.725494,28.960848
389.1432502,243060.516,80267.58989,362.170013,328.301514,33.943157
390.2777786,243061.5441,80268.06967,351.880005,327.401825,24.184036
391.4123071,243062.5722,80268.54945,362.359985,327.166595,35.028362
392.5468355,243063.6003,80269.02922,361.559998,326.51001,35.021172
393.6813639,243064.6284,80269.509,362.070007,326.220001,36.13665
394.8158924,243065.6564,80269.98877,362.51001,325.64682,37.064285
395.9504208,243066.6845,80270.46855,359.470001,324.814117,35.005531
397.0849492,243067.7126,80270.94832,359.329987,324.448242,34.653015
398.2194776,243068.7407,80271.4281,349.470001,323.670013,25.674477
399.3540061,243069.7688,80271.90787,348.779999,323.223022,25.527157
400.4885345,243070.7969,80272.38765,348.459991,322.332855,26.43931
401.6230629,243071.825,80272.86743,348.799988,321.899445,27.060577
402.7575913,243072.8531,80273.3472,350.070007,321.036316,29.210623
403.8921198,243073.8812,80273.82698,350.640015,320.614288,29.915098
405.0266482,243074.9093,80274.30675,349.700012,319.705414,29.876139
406.1611766,243075.9374,80274.78653,349.399994,319.277069,30.020271
407.295705,243076.9654,80275.2663,348.820007,318.373779,30.585672
408.4302335,243077.9935,80275.74608,350.070007,317.980835,31.951956
409.5647619,243079.0216,80276.22585,348.709991,316.917419,31.588993
410.6992903,243080.0497,80276.70563,348.119171,316.37677,31.624207
411.8338187,243081.0778,80277.18541,342.369995,315.501709,26.902042
412.9683472,243082.1059,80277.66518,347.49118,315.167603,32.445892
414.1028756,243083.134,80278.14496,349.309998,314.263702,35.182964
415.237404,243084.1621,80278.62473,349.670013,313.950012,35.710251
416.3719325,243085.1902,80279.10451,348.209991,313.191132,35.221157
417.5064609,243086.2183,80279.58428,344.913208,312.829895,32.160522
418.6409893,243087.2463,80280.06406,339.519989,311.924683,27.777575
419.7755177,243088.2744,80280.54383,341.799988,311.625977,30.491783
420.9100462,243089.3025,80281.02361,343.079987,310.792908,32.424656
422.0445746,243090.3306,80281.50339,345.220001,310.519379,34.841312
423.179103,243091.3587,80281.98316,344.980011,310.163391,34.893951
424.3136314,243092.3868,80282.46294,344.839996,309.268341,35.531029
425.4481599,243093.4149,80282.94271,345.25,308.946869,36.458416
426.5826883,243094.443,80283.42249,345.390015,308.099396,37.362347
427.7172167,243095.4711,80283.90226,345.440002,307.848877,37.701046
428.8517451,243096.4992,80284.38204,344.959991,306.742523,38.301266
429.9862736,243097.5273,80284.86182,338.660004,305.940002,32.776951
431.120802,243098.5553,80285.34159,340.130005,305.338745,35.042988
432.2553304,243099.5834,80285.82137,338.792847,305.304626,33.66024
433.3898588,243100.6115,80286.30114,333.450012,304.49939,29.230597
434.5243873,243101.6396,80286.78092,337.089996,304.09259,33.084415
435.6589157,243102.6677,80287.26069,336.871521,303.27243,33.567268
436.7934441,243103.6958,80287.74047,337.649994,302.986481,34.714565
437.9279726,243104.7239,80288.22024,337.799988,302.118011,35.877171
439.062501,243105.752,80288.70002,337.679993,301.703796,35.890137
440.1970294,243106.7801,80289.1798,337.040009,300.988098,36.280182
441.3315578,243107.8082,80289.65957,337.480011,300.643066,36.921341
442.4660863,243108.8362,80290.13935,336.880005,299.808411,36.90601
443.6006147,243109.8643,80290.61912,333.630005,299.501923,34.112545
444.7351431,243110.8924,80291.0989,333.959991,298.699707,35.456184
445.8696715,243111.9205,80291.57867,333.970001,298.341522,35.70911
447.0042,243112.9486,80292.05845,330.910004,297.572754,33.412155
448.1387284,243113.9767,80292.53822,330.940002,297.268555,33.449524
449.2732568,243115.0048,80293.018,331.959991,296.084473,36.177597
450.4077852,243116.0329,80293.49778,331.429993,295.7435,35.778954
451.5423137,243117.061,80293.97755,333.350006,295.446533,38.03035
452.6768421,243118.0891,80294.45733,333.679993,294.591644,39.028305
453.8113705,243119.1172,80294.9371,333.160004,294.212463,39.006004
454.9458989,243120.1452,80295.41688,332.769989,293.428009,39.310413
456.0804274,243121.1733,80295.89665,332.980011,293.086853,39.71693
457.2149558,243122.2014,80296.37643,330.630005,292.381165,38.472565
458.3494842,243123.2295,80296.8562,330.339996,292.102936,38.240734
459.4840127,243124.2576,80297.33598,330.459991,291.260803,39.051628
460.6185411,243125.2857,80297.81576,326.420013,291.179169,34.981785
461.7530695,243126.3138,80298.29553,327.540009,290.242554,37.522106
462.8875979,243127.3419,80298.77531,322.73999,290.001007,32.884079
464.0221264,243128.37,80299.25508,318.809998,289.064453,29.576096
465.1566548,243129.3981,80299.73486,311.119995,288.776337,22.311844
466.2911832,243130.4261,80300.21463,309.950012,287.933563,22.31938
467.4257116,243131.4542,80300.69441,309.980011,287.630493,22.363626
468.5602401,243132.4823,80301.17418,310.820007,286.814575,24.237486
469.6947685,243133.5104,80301.65396,310.380005,286.48999,24.086079
470.8292969,243134.5385,80302.13374,312.089996,285.836304,26.381113
471.9638253,243135.5666,80302.61351,312.869995,285.506348,27.313902
473.0983538,243136.5947,80303.09329,314.440002,284.661224,29.78496
474.2328822,243137.6228,80303.57306,314.160004,284.245819,29.735048
475.3674106,243138.6509,80304.05284,313.850006,283.34494,30.681381
476.501939,243139.679,80304.53261,314.700012,282.972809,32.039505
477.6364675,243140.7071,80305.01239,314.839996,282.129181,32.783508
478.7709959,243141.7351,80305.49217,306.329987,281.741486,24.629562
479.9055243,243142.7632,80305.97194,302.869995,281.420746,21.245028
481.0400528,243143.7913,80306.45172,299.730011,280.839996,18.988653
482.1745812,243144.8194,80306.93149,311.899994,280.256927,31.899921
483.3091096,243145.8475,80307.41127,313.619995,279.382263,34.208035
484.443638,243146.8756,80307.89104,312.799988,278.921967,33.854328
485.5781665,243147.9037,80308.37082,311.529999,278.106842,33.382568
486.7126949,243148.9318,80308.85059,311.209991,277.626678,33.400169
487.8472233,243149.9599,80309.33037,292.890015,277.040009,15.760508
488.9817517,243150.988,80309.81015,287.100006,276.543335,10.635478
490.1162802,243152.0161,80310.28992,303.01001,275.254578,27.809826
491.2508086,243153.0441,80310.7697,294.429993,274.775208,19.419857
492.385337,243154.0722,80311.24947,296.98999,273.925201,23.250832
493.5198654,243155.1003,80311.72925,296.950012,273.483856,23.529518
494.6543939,243156.1284,80312.20902,298.700012,272.66684,26.078915
495.7889223,243157.1565,80312.6888,287.420013,272.416443,15.349141
496.9234507,243158.1846,80313.16857,288.619995,271.405945,17.133675
498.0579791,243159.2127,80313.64835,291.640015,270.996307,20.654093
499.1925076,243160.2408,80314.12813,293.299988,270.167145,23.172132
500.327036,243161.2689,80314.6079,293.779999,269.915802,23.562304
501.4615644,243162.297,80315.08768,303.480011,268.91214,34.729195
502.5960929,243163.325,80315.56745,303.390015,268.394257,35.103626
503.7306213,243164.3531,80316.04723,308.589996,267.409454,41.417805
504.8651497,243165.3812,80316.527,308.899994,266.866425,42.392502
505.9996781,243166.4093,80317.00678,308.529999,265.954315,42.888687
507.1342066,243167.4374,80317.48655,308.51001,265.462341,42.935532
508.268735,243168.4655,80317.96633,307.369995,264.995972,42.322029
509.4032634,243169.4936,80318.44611,307.220001,264.096893,43.191986
510.5377918,243170.5217,80318.92588,306.820007,263.804565,42.703201
511.6723203,243171.5498,80319.40566,302.970001,262.907349,40.382881
512.8068487,243172.5779,80319.88543,303.170013,262.305847,40.79319
513.9413771,243173.606,80320.36521,298.781403,261.278381,37.425484
515.0759055,243174.634,80320.84498,283.829987,260.815308,23.141314
516.210434,243175.6621,80321.32476,287.470001,259.759766,27.938826
517.3449624,243176.6902,80321.80453,292.399994,258.76001,33.493263
518.4794908,243177.7183,80322.28431,294.589996,258.101257,36.373363
519.6140192,243178.7464,80322.76409,295.5,257.799438,37.874767
520.7485477,243179.7745,80323.24386,295.540009,257.17038,38.200901
521.8830761,243180.8026,80323.72364,294.720001,256.723633,38.135178
523.0176045,243181.8307,80324.20341,294.23999,255.505692,38.608059
524.152133,243182.8588,80324.68319,293.940002,254.890213,39.200699
525.2866614,243183.8869,80325.16296,292.799988,253.659836,39.064472
526.4211898,243184.9149,80325.64274,292.429993,253.141281,39.417789
527.5557182,243185.943,80326.12252,292.410004,251.974762,40.089062
528.6902467,243186.9711,80326.60229,289.5,251.511032,37.76828
529.8247751,243187.9992,80327.08207,282.434723,250.417084,31.88168
530.9593035,243189.0273,80327.56184,282.920013,249.312546,33.771507
532.0938319,243190.0554,80328.04162,282.230011,248.253952,33.666988
533.2283604,243191.0835,80328.52139,282.070007,247.797943,34.18441
534.3628888,243192.1116,80329.00117,271.410004,246.648407,24.68236
535.4974172,243193.1397,80329.48094,277.149994,246.272018,30.723089
536.6319456,243194.1678,80329.96072,273.049988,245.831268,27.668386
537.7664741,243195.1959,80330.4405,273.579987,244.642654,29.172712
538.9010025,243196.2239,80330.92027,273.609985,244.101395,29.562424
540.0355309,243197.252,80331.40005,271.029999,243.249557,27.711004
541.1700593,243198.2801,80331.87982,270.570007,242.91983,27.595903
542.3045878,243199.3082,80332.3596,270.519989,242.090805,28.309612
543.4391162,243200.3363,80332.83937,269.959991,241.71405,28.477058
544.5736446,243201.3644,80333.31915,270.320007,240.586731,29.816601
545.708173,243202.3925,80333.79892,266.890015,240.005524,26.889231
546.8427015,243203.4206,80334.2787,266.720001,238.896988,28.011318
547.9772299,243204.4487,80334.75848,263.579987,238.02829,25.691257
549.1117583,243205.4768,80335.23825,264.200012,236.973618,26.947947
550.2462868,243206.5048,80335.71803,264.230011,236.238037,28.063231
551.3808152,243207.5329,80336.1978,269.730011,234.384613,35.693569
552.5153436,243208.561,80336.67758,267.820007,233.259781,35.314293
553.649872,243209.5891,80337.15735,271.25,231.639999,39.343773
554.7844005,243210.6172,80337.63713,271.779999,231.831924,40.058037
555.9189289,243211.6453,80338.1169,271.890015,231.516098,40.421185
557.0534573,243212.6734,80338.59668,272.070007,231.244781,40.68552
558.1879857,243213.7015,80339.07646,271.950012,230.943329,41.153778
559.3225142,243214.7296,80339.55623,272.480011,230.58078,42.069077
560.4570426,243215.7577,80340.03601,272.5,230.106247,42.314846
561.591571,243216.7858,80340.51578,272.26001,229.785843,42.405556
562.7260994,243217.8138,80340.99556,270.23999,229.324417,40.669651
563.8606279,243218.8419,80341.47533,266.899994,229.0345,37.995541
564.9951563,243219.87,80341.95511,267.109985,228.717316,38.472229
566.1296847,243220.8981,80342.43488,266.299988,228.134323,38.319141
567.2642131,243221.9262,80342.91466,266.820007,227.653641,39.195484
568.3987416,243222.9543,80343.39444,265.850006,227.045425,38.918262
569.53327,243223.9824,80343.87421,267.269989,226.664566,40.714935
570.6677984,243225.0105,80344.35399,267.529999,226.115051,41.393112
571.8023269,243226.0386,80344.83376,266.100006,225.612305,40.515675
572.9368553,243227.0667,80345.31354,263.839996,225.185776,38.756577
574.0713837,243228.0947,80345.79331,261.480011,224.95462,36.757996
575.2059121,243229.1228,80346.27309,262.720001,224.457321,38.351425
576.3404406,243230.1509,80346.75287,259.459991,224.433472,35.107891
577.474969,243231.179,80347.23264,261.390015,224.010895,37.569778
578.6094974,243232.2071,80347.71242,262.450012,223.970413,38.648712
579.7440258,243233.2352,80348.19219,260.820007,223.407425,37.258324
580.8785543,243234.2633,80348.67197,258.329987,223.40065,34.794235
582.0130827,243235.2914,80349.15174,256.26001,222.965561,33.182632
583.1476111,243236.3195,80349.63152,256.359985,222.840179,33.587364
584.2821395,243237.3476,80350.11129,255.199997,222.33136,32.898968
585.416668,243238.3757,80350.59107,243.380005,222.206146,21.174938
586.5511964,243239.4037,80351.07085,243.899994,221.625992,22.347546
587.6857248,243240.4318,80351.55062,246,221.454391,24.562874
588.8202532,243241.4599,80352.0304,245.610001,220.911148,24.593861
589.9547817,243242.488,80352.51017,243.929993,220.773239,22.985832
591.0893101,243243.5161,80352.98995,243.679993,220.539856,23.202917
592.2238385,243244.5442,80353.46972,239.919998,219.966522,19.916769
593.358367,243245.5723,80353.9495,227.490005,219.682617,7.765395
594.4928954,243246.6004,80354.42927,233.080002,219.047607,14.303957
595.6274238,243247.6285,80354.90905,234.029999,218.727982,15.442684
596.7619522,243248.6566,80355.38883,234.100006,218.133911,15.994663
597.8964807,243249.6847,80355.8686,232.410004,218.011597,14.389889
599.0310091,243250.7127,80356.34838,237.800003,217.766632,20.064005
600.1655375,243251.7408,80356.82815,237.789993,217.582077,20.169422
601.3000659,243252.7689,80357.30793,225.800003,217.120682,8.811591
602.4345944,243253.797,80357.7877,226.169998,216.649994,9.468786
603.5691228,243254.8251,80358.26748,217.910004,217.043335,1.028808
604.7036512,243255.8532,80358.74725,219.360001,216.910004,2.470179
605.8381796,243256.8813,80359.22703,219.580002,216.757278,2.904084
606.9727081,243257.9094,80359.70681,223.839996,216.845062,6.964674
608.1072365,243258.9375,80360.18658,226.979996,216.869171,10.080836
609.2417649,243259.9656,80360.66636,244.389999,216.913025,27.475046
610.3762933,243260.9936,80361.14613,246.940002,217.043137,29.892426
611.5108218,243262.0217,80361.62591,247.899994,217.025558,30.894955
612.6453502,243263.0498,80362.10568,247.559998,216.896179,30.640417
613.7798786,243264.0779,80362.58546,247.279999,216.900772,30.375725
614.9144071,243265.106,80363.06523,246.479996,217.028,29.522085
616.0489355,243266.1341,80363.54501,246.529999,217.041611,29.523182
617.1834639,243267.1622,80364.02479,239.880005,217.102066,22.746607
618.3179923,243268.1903,80364.50456,246.240005,217.013306,29.205671
619.4525208,243269.2184,80364.98434,246.520004,216.990555,29.527798
620.5870492,243270.2465,80365.46411,245.619995,216.977844,28.639507
621.7215776,243271.2746,80365.94389,245.169998,216.9776,28.249365
622.856106,243272.3026,80366.42366,242.089996,216.9505,25.100527
623.9906345,243273.3307,80366.90344,243.020004,216.974091,26.090023
625.1251629,243274.3588,80367.38322,240.289993,216.980103,23.345881
626.2596913,243275.3869,80367.86299,241.729996,216.918304,24.807123
627.3942197,243276.415,80368.34277,241.710007,216.884323,24.833864
628.5287482,243277.4431,80368.82254,241.380005,216.862488,24.592773
629.6632766,243278.4712,80369.30232,241.110001,216.847656,24.28368
630.797805,243279.4993,80369.78209,241.089996,216.720184,24.339722
631.9323334,243280.5274,80370.26187,240.660004,216.577316,23.982265
633.0668619,243281.5555,80370.74164,230.529999,216.520004,13.999781
634.2013903,243282.5835,80371.22142,227.490005,216.339371,11.178582
635.3359187,243283.6116,80371.7012,234.649994,216.454895,18.17979
636.4704472,243284.6397,80372.18097,236.830002,216.573959,20.197496
637.6049756,243285.6678,80372.66075,237.080002,216.647598,20.412916
638.739504,243286.6959,80373.14052,236.75,216.638168,20.164093
639.8740324,243287.724,80373.6203,235.910004,216.509995,19.338306
641.0085609,243288.7521,80374.10007,254.059998,216.734665,37.346809
642.1430893,243289.7802,80374.57985,253.779999,216.700439,37.021263
643.2776177,243290.8083,80375.05962,253.919998,216.729782,37.130238
644.4121461,243291.8364,80375.5394,253.220001,216.652252,36.439938
645.5466746,243292.8645,80376.01918,252.960007,216.742783,36.093365
646.681203,243293.8925,80376.49895,231.119995,216.470001,14.470483
647.8157314,243294.9206,80376.97873,227.869995,216.449997,11.423612
648.9502598,243295.9487,80377.4585,232.830002,216.684998,15.907284
650.0847883,243296.9768,80377.93828,228.720001,216.616074,12.112192
651.2193167,243298.0049,80378.41805,229.339996,216.961746,12.304999
652.3538451,243299.033,80378.89783,229.259995,217.020004,12.195769
653.4883735,243300.0611,80379.3776,229.419998,217.169998,12.248972
654.622902,243301.0892,80379.85738,228.070007,216.921249,11.247366
655.7574304,243302.1173,80380.33716,228.619995,216.897812,11.740894
656.8919588,243303.1454,80380.81693,228.869995,216.972473,11.873919
658.0264873,243304.1734,80381.29671,228.539993,217.186295,11.411332
659.1610157,243305.2015,80381.77648,228.449997,217.167938,11.363521
660.2955441,243306.2296,80382.25626,228.229996,217.380859,10.946848
661.4300725,243307.2577,80382.73603,227.509995,217.241562,10.31864
662.564601,243308.2858,80383.21581,225.509995,217.534576,8.075107
663.6991294,243309.3139,80383.69558,227.460007,217.520294,9.990335
664.8336578,243310.342,80384.17536,232.580002,217.839325,14.639791
665.9681862,243311.3701,80384.65514,233.869995,217.896759,15.988091
667.1027147,243312.3982,80385.13491,235.820007,218.20076,17.646955
668.2372431,243313.4263,80385.61469,235.880005,218.199631,17.76627
669.3717715,243314.4544,80386.09446,235.240005,218.528488,16.783926
670.5062999,243315.4824,80386.57424,233.860001,218.554459,15.420241
671.6408284,243316.5105,80387.05401,235.539993,218.817139,16.794584
672.7753568,243317.5386,80387.53379,237.649994,218.825287,18.795366
673.9098852,243318.5667,80388.01357,250.470001,219.052078,31.375242
675.0444136,243319.5948,80388.49334,252.25,218.947189,33.250774
676.1789421,243320.6229,80388.97312,252.949997,218.960144,33.910374
677.3134705,243321.651,80389.45289,252.5,219.20668,33.413692
678.4479989,243322.6791,80389.93267,249.440002,219.226349,30.338959
679.5825274,243323.7072,80390.41244,245.509995,219.470261,25.933214
680.7170558,243324.7353,80390.89222,255.809998,219.477081,36.287575
681.8515842,243325.7634,80391.37199,256.98999,219.70752,37.144344
682.9861126,243326.7914,80391.85177,256.230011,219.708389,36.548363
684.1206411,243327.8195,80392.33155,254.830002,219.954468,34.845245
685.2551695,243328.8476,80392.81132,254.619995,219.985275,34.764561
686.3896979,243329.8757,80393.2911,258.309998,220.218567,37.995552
687.5242263,243330.9038,80393.77087,253.619995,220.208755,33.359276
688.6587548,243331.9319,80394.25065,254.419998,220.456909,33.954967
689.7932832,243332.96,80394.73042,254.369995,220.486465,33.849327
690.9278116,243333.9881,80395.2102,256.549988,220.850006,35.687328
692.06234,243335.0162,80395.68997,252.229996,220.630005,31.342793
693.1968685,243336.0443,80396.16975,285.809998,220.909256,64.865372
694.3313969,243337.0723,80396.64953,286.100006,220.860001,65.22538
695.4659253,243338.1004,80397.1293,288.76001,221.105713,67.679596
696.6004537,243339.1285,80397.60908,289.130005,221.139999,67.999214
697.7349822,243340.1566,80398.08885,287.48999,221.235397,66.181671
698.8695106,243341.1847,80398.56863,286.839996,221.193344,65.61113
700.004039,243342.2128,80399.0484,296.070007,221.364166,74.678078
701.1385675,243343.2409,80399.52818,289.230011,221.339813,67.910866
702.2730959,243344.269,80400.00795,297.339996,221.552658,75.749352
703.4076243,243345.2971,80400.48773,295.880005,221.531723,74.299919
704.5421527,243346.3252,80400.96751,297.597595,221.462601,76.169991
705.6766812,243347.3533,80401.44728,287.76001,221.608902,66.178078
706.8112096,243348.3813,80401.92706,285.869995,221.576416,64.217827
707.945738,243349.4094,80402.40683,285.23999,221.761993,63.566811
709.0802664,243350.4375,80402.88661,307.970001,221.757004,86.289986
710.2147949,243351.4656,80403.36638,301.850006,221.981705,79.903221
711.3493233,243352.4937,80403.84616,304.149994,221.916397,82.132942
712.4838517,243353.5218,80404.32593,304.480011,222.149857,82.348953
713.6183801,243354.5499,80404.80571,304.5,222.14772,82.297203
714.7529086,243355.578,80405.28549,303.700012,222.327911,81.454193
715.887437,243356.6061,80405.76526,302.23999,222.2146,80.062485
717.0219654,243357.6342,80406.24504,303.079987,222.333115,80.633087
718.1564938,243358.6622,80406.72481,301.549988,222.276245,79.344856
719.2910223,243359.6903,80407.20459,285.790009,222.465744,63.298172
720.4255507,243360.7184,80407.68436,286.529999,222.479263,64.08548
721.5600791,243361.7465,80408.16414,288.869995,222.561371,66.350441
722.6946076,243362.7746,80408.64392,288.76001,222.523712,66.233727
723.829136,243363.8027,80409.12369,290.980011,222.624207,68.303391
724.9636644,243364.8308,80409.60347,293.359985,222.575623,70.726616
726.0981928,243365.8589,80410.08324,293.329987,222.609009,70.723351
727.2327213,243366.887,80410.56302,293.480011,222.558319,70.945152
728.3672497,243367.9151,80411.04279,293.869995,222.609909,71.319107
729.5017781,243368.9432,80411.52257,294.649994,222.547134,72.140015
730.6363065,243369.9712,80412.00234,295.059998,222.583435,72.534714
731.770835,243370.9993,80412.48212,295.450012,222.51059,72.984566
732.9053634,243372.0274,80412.9619,294.320007,222.424927,71.876213
734.0398918,243373.0555,80413.44167,293.299988,222.523163,70.802139
735.1744202,243374.0836,80413.92145,299.727173,222.48587,77.234528
736.3089487,243375.1117,80414.40122,302.059998,222.553726,79.473038
737.4434771,243376.1398,80414.881,301.959991,222.511581,79.455711
738.5780055,243377.1679,80415.36077,301.369995,222.580811,78.795181
739.7125339,243378.196,80415.84055,300.929993,222.503784,78.40287
740.8470624,243379.2241,80416.32032,263.059998,222.594955,40.410824
741.9815908,243380.2521,80416.8001,263.079987,222.552628,40.490486
743.1161192,243381.2802,80417.27988,263.820007,222.663589,41.083614
744.2506477,243382.3083,80417.75965,261.690002,222.576126,39.106773
745.3851761,243383.3364,80418.23943,261.73999,222.632523,39.107037
746.5197045,243384.3645,80418.7192,262.73999,222.563782,40.222675
747.6542329,243385.3926,80419.19898,258.670013,222.587479,36.074318
748.7887614,243386.4207,80419.67875,259.059998,222.543182,36.577343
749.9232898,243387.4488,80420.15853,261.089996,222.579147,38.464619
751.0578182,243388.4769,80420.6383,253.369995,222.538223,30.861862
752.1923466,243389.505,80421.11808,248.740005,222.576797,26.139673
753.3268751,243390.5331,80421.59786,247.75,222.529831,25.213512
754.4614035,243391.5611,80422.07763,247.919998,222.542496,25.382053
755.5959319,243392.5892,80422.55741,243.529999,222.546661,21.005442
756.7304603,243393.6173,80423.03718,252.940002,222.610001,30.284391
757.8649888,243394.6454,80423.51696,253.190002,222.725006,30.514465
758.9995172,243395.6735,80423.99673,253.759995,222.653717,31.087349
760.1340456,243396.7016,80424.47651,254.309998,222.73082,31.550013
761.268574,243397.7297,80424.95628,254.529999,222.744507,31.751623
762.4031025,243398.7578,80425.43606,254.479996,222.879395,31.653889
763.5376309,243399.7859,80425.91584,248.979996,222.864838,26.128891
764.6721593,243400.814,80426.39561,249.919998,223.055588,26.685026
765.8066878,243401.842,80426.87539,250.289993,223.068451,27.216145
766.9412162,243402.8701,80427.35516,230.460007,223.173996,7.287873
768.0757446,243403.8982,80427.83494,249.699997,223.225006,26.466681
769.210273,243404.9263,80428.31471,250.339996,223.392822,26.929636
770.3448015,243405.9544,80428.79449,253.369995,223.411667,29.911621
771.4793299,243406.9825,80429.27427,253.509995,223.574768,29.935163
772.6138583,243408.0106,80429.75404,251.399994,223.636169,27.806942
773.7483867,243409.0387,80430.23382,250.380005,223.821503,26.616194
774.8829152,243410.0668,80430.71359,247.610001,223.835007,23.786184
776.0174436,243411.0949,80431.19337,246.059998,224.039993,22.003069
777.151972,243412.123,80431.67314,247.440002,224.196396,23.266935
778.2865004,243413.151,80432.15292,262.600006,224.427902,38.21019
779.4210289,243414.1791,80432.63269,262.390015,224.485977,37.902565
780.5555573,243415.2072,80433.11247,263.170013,224.693008,38.546333
781.6900857,243416.2353,80433.59225,252.070007,224.817444,27.335339
782.8246141,243417.2634,80434.07202,255.679993,225.046738,30.655527
783.9591426,243418.2915,80434.5518,258.179993,225.134613,33.025402
785.093671,243419.3196,80435.03157,259.070007,225.363663,33.772785
786.2281994,243420.3477,80435.51135,258.519989,225.482162,33.136433
787.3627279,243421.3758,80435.99112,241.570007,225.607483,15.977652
788.4972563,243422.4039,80436.4709,235.490005,225.864929,9.561111
789.6317847,243423.432,80436.95067,239.570007,225.94577,13.657016
790.7663131,243424.46,80437.43045,245.729996,226.22876,19.337744
791.9008416,243425.4881,80437.91023,247.860001,226.322723,21.482172
793.03537,243426.5162,80438.39,286.029999,226.568802,59.442711
794.1698984,243427.5443,80438.86978,286.890015,226.596054,60.349945
795.3044268,243428.5724,80439.34955,287.459991,226.835526,60.596218
796.4389553,243429.6005,80439.82933,288.059998,226.89711,61.104942
797.5734837,243430.6286,80440.3091,287.790009,227.08461,60.756763
798.7080121,243431.6567,80440.78888,289.920013,227.156647,62.778503
799.8425405,243432.6848,80441.26865,288.929993,227.458649,61.5373
800.977069,243433.7129,80441.74843,289.839996,227.536377,62.272148
802.1115974,243434.7409,80442.22821,288.98999,227.799042,61.048477
803.2461258,243435.769,80442.70798,290.519989,228.006882,62.504734
804.3806542,243436.7971,80443.18776,290.859985,228.233124,62.617359
805.5151827,243437.8252,80443.66753,291.070007,228.320587,62.743557
806.6497111,243438.8533,80444.14731,290.880005,228.537323,62.357903
807.7842395,243439.8814,80444.62708,290.890015,228.573883,62.376713
808.918768,243440.9095,80445.10686,290.299988,228.786545,61.561745
810.0532964,243441.9376,80445.58663,291.190002,228.828415,62.368549
811.1878248,243442.9657,80446.06641,304.25,229.102875,75.078285
812.3223532,243443.9938,80446.54619,305.309998,229.174225,75.980721
813.4568817,243445.0219,80447.02596,305.230011,229.637405,75.673012
814.5914101,243446.0499,80447.50574,305.049988,229.731049,75.352531
815.7259385,243447.078,80447.98551,304.98999,229.883957,75.242477
816.8604669,243448.1061,80448.46529,296.720001,230.207306,66.632019
817.9949954,243449.1342,80448.94506,303.690002,230.557831,73.105644
819.1295238,243450.1623,80449.42484,304.329987,230.658463,73.721939
820.2640522,243451.1904,80449.90462,304.839996,231.067978,73.792953
821.3985806,243452.2185,80450.38439,301.140015,231.104614,70.034447
822.5331091,243453.2466,80450.86417,308.690002,231.238556,77.424126
823.6676375,243454.2747,80451.34394,306.910004,231.290146,75.597336
824.8021659,243455.3028,80451.82372,307.829987,231.390289,76.439217
825.9366943,243456.3308,80452.30349,308.040009,231.509598,76.526672
827.0712228,243457.3589,80452.78327,308.950012,231.558365,77.421974
828.2057512,243458.387,80453.26304,305.660004,231.734802,73.871628
829.3402796,243459.4151,80453.74282,309.420013,231.786194,77.646225
830.4748081,243460.4432,80454.2226,309.130005,231.972244,77.154182
831.6093365,243461.4713,80454.70237,308.630005,232.030502,76.668686
832.7438649,243462.4994,80455.18215,303.630005,232.273911,71.331184
833.8783933,243463.5275,80455.66192,302.850006,232.361313,70.462029
835.0129218,243464.5556,80456.1417,307.570007,232.666168,74.918976
836.1474502,243465.5837,80456.62147,307.609985,232.924988,74.885689
837.2819786,243466.6118,80457.10125,306.429993,233.092087,73.348816
838.416507,243467.6398,80457.58102,304.589996,233.182678,71.369026
839.5510355,243468.6679,80458.0608,304.700012,233.395691,71.331543
840.6855639,243469.696,80458.54058,286.76001,233.447769,53.348877
841.8200923,243470.7241,80459.02035,286.720001,233.604309,53.141075
842.9546207,243471.7522,80459.50013,286.470001,233.61795,52.850815
844.0891492,243472.7803,80459.9799,285.910004,233.641922,52.208504
845.2236776,243473.8084,80460.45968,285.149994,233.881851,51.298096
846.358206,243474.8365,80460.93945,285.23999,233.887695,51.342342
847.4927344,243475.8646,80461.41923,281.019989,234.056366,46.924416
848.6272629,243476.8927,80461.899,281.220001,234.057938,47.1744
849.7617913,243477.9207,80462.37878,281.179993,234.282547,46.916851
850.8963197,243478.9488,80462.85856,286.5,234.403168,52.06189
852.0308482,243479.9769,80463.33833,284.089996,234.678726,49.491619
853.1653766,243481.005,80463.81811,286.600006,234.900879,51.767033
854.299905,243482.0331,80464.29788,286.859985,235.255035,51.690701
855.4344334,243483.0612,80464.77766,286.410004,235.150223,51.188034
856.5689619,243484.0893,80465.25743,284,235.382202,48.707775
857.7034903,243485.1174,80465.73721,283.119995,235.313446,47.845924
858.8380187,243486.1455,80466.21698,282.399994,235.457001,47.028564
859.9725471,243487.1736,80466.69676,253.380005,235.438156,17.990681
861.1070756,243488.2017,80467.17654,264.75,235.600571,29.106867
862.241604,243489.2297,80467.65631,254.619995,235.561508,18.983082
863.3761324,243490.2578,80468.13609,267.609985,235.724503,31.822643
864.5106608,243491.2859,80468.61586,283.299988,235.699997,47.619942
865.6451893,243492.314,80469.09564,283.519989,235.868225,47.628857
866.7797177,243493.3421,80469.57541,283.26001,235.851318,47.386757
867.9142461,243494.3702,80470.05519,282.429993,235.980042,46.497253
869.0487745,243495.3983,80470.53497,283.230011,235.968887,47.187729
870.183303,243496.4264,80471.01474,284.190002,236.126724,48.08392
871.3178314,243497.4545,80471.49452,290.049988,236.137817,53.848022
872.4523598,243498.4826,80471.97429,290.359985,236.14505,54.167164
873.5868882,243499.5107,80472.45407,291.609985,236.315323,55.311188
874.7214167,243500.5387,80472.93384,290.910004,236.373444,54.590611
875.8559451,243501.5668,80473.41362,291.890015,236.68924,55.211285
876.9904735,243502.5949,80473.89339,292.109985,237.039993,55.18388
878.125002,243503.623,80474.37317,291.519989,237.066238,54.527561
879.2595304,243504.6511,80474.85295,290.540009,236.999634,53.591061
880.3940588,243505.6792,80475.33272,262.579987,236.795013,25.679085
881.5285872,243506.7073,80475.8125,247.070007,236.690002,10.29423
882.6631157,243507.7354,80476.29227,259.299988,236.833328,22.460821
883.7976441,243508.7635,80476.77205,296.130005,236.860001,59.216949
884.9321725,243509.7916,80477.25182,296.980011,236.9673,59.967964
886.0667009,243510.8196,80477.7316,297.079987,236.991058,60.037651
887.2012294,243511.8477,80478.21137,297.01001,237.339996,59.751774
888.3357578,243512.8758,80478.69115,296,237.117157,58.898762
889.4702862,243513.9039,80479.17093,298.290009,237.115814,61.135963
890.6048146,243514.932,80479.6507,298.279999,237.110001,61.124172
891.7393431,243515.9601,80480.13048,298.709991,237.300003,61.430714
892.8738715,243516.9882,80480.61025,298.600006,237.309998,61.424683
894.0083999,243518.0163,80481.09003,298.049988,237.2453,60.824009
895.1429283,243519.0444,80481.5698,294,237.131683,56.857922
896.2774568,243520.0725,80482.04958,293.339996,237.185074,56.100178
897.4119852,243521.1006,80482.52935,290.470001,237.05336,53.412884
898.5465136,243522.1286,80483.00913,289.200012,237.072479,52.139381
899.6810421,243523.1567,80483.48891,289.220001,236.999023,52.219315
900.8155705,243524.1848,80483.96868,288.839996,236.937088,51.908581
901.9500989,243525.2129,80484.44846,296.809998,236.975784,59.797951
903.0846273,243526.241,80484.92823,298.880005,236.894943,61.991817
904.2191558,243527.2691,80485.40801,298.339996,236.932953,61.41003
905.3536842,243528.2972,80485.88778,299.850006,236.858887,63.034832
906.4882126,243529.3253,80486.36756,298.420013,236.900803,61.536072
907.622741,243530.3534,80486.84734,298.320007,236.902222,61.417446
908.7572695,243531.3815,80487.32711,299.339996,236.960007,62.361061
909.8917979,243532.4095,80487.80689,292.76001,236.970001,55.838768
911.0263263,243533.4376,80488.28666,291.660004,236.894699,54.804352
912.1608547,243534.4657,80488.76644,291.75,236.775696,54.949863
913.2953832,243535.4938,80489.24621,295.140015,236.743637,58.356823
914.4299116,243536.5219,80489.72599,295.619995,236.666595,58.954365
915.56444,243537.55,80490.20576,295.73999,236.636703,59.042297
916.6989684,243538.5781,80490.68554,294.859985,236.509033,58.277714
917.8334969,243539.6062,80491.16532,262.01001,236.480255,25.534328
918.9680253,243540.6343,80491.64509,262.470001,236.363556,26.132301
920.1025537,243541.6624,80492.12487,260.549988,236.353531,24.206453
921.2370822,243542.6905,80492.60464,259.869995,236.261093,23.58247
922.3716106,243543.7185,80493.08442,259.589996,236.248627,23.32564
923.506139,243544.7466,80493.56419,260.220001,236.114212,24.11396
924.6406674,243545.7747,80494.04397,258.76001,236.059814,22.660786
925.7751959,243546.8028,80494.52374,258.929993,236.005234,22.90387
926.9097243,243547.8309,80495.00352,268,235.883133,32.087337
928.0442527,243548.859,80495.4833,267.799988,235.841293,31.962349
929.1787811,243549.8871,80495.96307,267.839996,235.699539,32.150242
930.3133096,243550.9152,80496.44285,272.100006,235.580017,36.509491
931.447838,243551.9433,80496.92262,271.929993,235.501328,36.385754
932.5823664,243552.9714,80497.4024,270.619995,235.449921,35.160275
933.7168948,243553.9994,80497.88217,260.26001,235.366653,24.893856
934.8514233,243555.0275,80498.36195,260.299988,235.176407,25.169073
935.9859517,243556.0556,80498.84172,260.420013,235.036682,25.3939
937.1204801,243557.0837,80499.3215,262.700012,234.840683,27.849306
938.2550085,243558.1118,80499.80128,263.130005,234.682816,28.506975
939.389537,243559.1399,80500.28105,262.820007,234.602951,28.170837
940.5240654,243560.168,80500.76083,259.519989,234.463379,24.97477
941.6585938,243561.1961,80501.2406,260.089996,234.290909,25.828804
942.7931223,243562.2242,80501.72038,259.73999,234.207382,25.496811
943.9276507,243563.2523,80502.20015,259.140015,234.068726,25.01421
945.0621791,243564.2804,80502.67993,257.73999,233.871597,23.784544
946.1967075,243565.3084,80503.1597,275.23999,233.687103,41.508503
947.331236,243566.3365,80503.63948,274.73999,233.562775,41.124886
948.4657644,243567.3646,80504.11926,275.75,233.419434,42.333595
949.6002928,243568.3927,80504.59903,275.019989,233.340607,41.732201
950.7348212,243569.4208,80505.07881,270.26001,233.170288,37.075314
951.8693497,243570.4489,80505.55858,275.809998,233.00174,42.881435
953.0038781,243571.477,80506.03836,290.140015,232.824371,57.346375
954.1384065,243572.5051,80506.51813,290.440002,232.634415,57.800457
955.2729349,243573.5332,80506.99791,290.160004,232.665359,57.502995
956.4074634,243574.5613,80507.47769,281.179993,232.522568,48.64048
957.5419918,243575.5893,80507.95746,292.790009,232.354233,60.399231
958.6765202,243576.6174,80508.43724,294.549988,232.177933,62.348221
959.8110486,243577.6455,80508.91701,293.329987,232.090454,61.250046
960.9455771,243578.6736,80509.39679,295.070007,232.179993,62.968075
962.0801055,243579.7017,80509.87656,295.079987,231.887695,63.13673
963.2146339,243580.7298,80510.35634,295.829987,231.676559,64.143616
964.3491624,243581.7579,80510.83611,293.690002,231.669998,62.032284
965.4836908,243582.786,80511.31589,280.640015,231.347397,49.211643
966.6182192,243583.8141,80511.79567,286.25,231.184265,55.166653
967.7527476,243584.8422,80512.27544,287.790009,230.918076,56.980228
968.8872761,243585.8703,80512.75522,288.380005,230.776016,57.670677
970.0218045,243586.8983,80513.23499,288.790009,230.525406,58.320313
971.1563329,243587.9264,80513.71477,288.119995,230.33876,57.738747
972.2908613,243588.9545,80514.19454,287.980011,230.121902,57.778488
973.4253898,243589.9826,80514.67432,287.350006,230.020416,57.286377
974.5599182,243591.0107,80515.15409,287.320007,229.643295,57.633736
975.6944466,243592.0388,80515.63387,288.390015,229.363037,59.131992
976.828975,243593.0669,80516.11365,288.040009,229.1716,58.955391
977.9635035,243594.095,80516.59342,288.130005,228.956711,59.164806
979.0980319,243595.1231,80517.0732,288.440002,228.632538,59.741104
980.2325603,243596.1512,80517.55297,286.649994,228.439911,58.156143
981.3670887,243597.1793,80518.03275,287.829987,228.353745,59.567196
982.5016172,243598.2073,80518.51252,287.829987,228.170059,59.555
983.6361456,243599.2354,80518.9923,288.029999,228.129379,59.869411
984.770674,243600.2635,80519.47207,287.869995,227.696945,60.03289
985.9052025,243601.2916,80519.95185,288.890015,227.567596,61.486919
987.0397309,243602.3197,80520.43163,289.399994,227.090546,62.294487
988.1742593,243603.3478,80520.9114,289.100006,226.915085,62.115871
989.3087877,243604.3759,80521.39118,293.079987,226.515076,66.695396
990.4433162,243605.404,80521.87095,294.420013,226.293488,68.105034
991.5778446,243606.4321,80522.35073,294.170013,225.979904,68.271294
992.712373,243607.4602,80522.8305,294.23999,225.723724,68.45826
993.8469014,243608.4882,80523.31028,294.48999,225.414749,69.104599
994.9814299,243609.5163,80523.79005,293.839996,225.139511,68.721588
996.1159583,243610.5444,80524.26983,293.079987,224.709198,68.386353
997.2504867,243611.5725,80524.74961,292.950012,224.550095,68.367508
998.3850151,243612.6006,80525.22938,292.160004,224.119781,67.978485
999.5195436,243613.6287,80525.70916,280.209991,223.991028,56.259441
1000.654072,243614.6568,80526.18893,280.299988,223.563385,56.744495
1001.7886,243615.6849,80526.66871,278.690002,223.39386,55.240604
1002.923129,243616.713,80527.14848,282.98999,223.949997,59.203037
1004.057657,243617.7411,80527.62826,284.200012,223.06163,61.035263
1005.192186,243618.7692,80528.10804,263.880005,222.427322,41.450836
1006.326714,243619.7972,80528.58781,263.540009,222.145966,41.332832
1007.461243,243620.8253,80529.06759,262.200012,221.552505,40.770008
1008.595771,243621.8534,80529.54736,264.690002,221.232132,43.448502
1009.730299,243622.8815,80530.02714,263.640015,220.631714,42.98312
1010.864828,243623.9096,80530.50691,261.970001,220.406662,41.419086
1011.999356,243624.9377,80530.98669,247.389999,220.111115,27.102661
1013.133885,243625.9658,80531.46646,239.720001,219.626221,20.081001
1014.268413,243626.9939,80531.94624,239.619995,219.379654,20.194157
1015.402942,243628.022,80532.42602,233.029999,218.417923,14.628126
1016.53747,243629.0501,80532.90579,232.139999,218.098007,14.028874
1017.671998,243630.0781,80533.38557,233.419998,217.465332,15.895138
1018.806527,243631.1062,80533.86534,232.690002,217.016922,15.735668
1019.941055,243632.1343,80534.34512,231.300003,216.36499,14.796812
1021.075584,243633.1624,80534.82489,230.720001,215.800003,14.738259
1022.210112,243634.1905,80535.30467,235.529999,215.766388,19.766712
1023.344641,243635.2186,80535.78444,237.279999,215.707489,21.553928
1024.479169,243636.2467,80536.26422,237.080002,215.495285,21.654507
1025.613697,243637.2748,80536.744,238.070007,215.323898,22.732954
1026.748226,243638.3029,80537.22377,237.110001,215.131973,21.950134
1027.882754,243639.331,80537.70355,238.050003,215.060745,23.044167
1029.017283,243640.3591,80538.18332,237.75,214.861511,22.886396
1030.151811,243641.3871,80538.6631,237.369995,214.716461,22.703884
1031.28634,243642.4152,80539.14287,237.160004,214.5746,22.554516
1032.420868,243643.4433,80539.62265,237.089996,214.329651,22.768009
1033.555396,243644.4714,80540.10242,237.470001,214.094971,23.362413
1034.689925,243645.4995,80540.5822,237.690002,214.001175,23.671415
1035.824453,243646.5276,80541.06198,231.190002,213.903458,17.322079
1036.958982,243647.5557,80541.54175,230.839996,213.925598,16.924356
1038.09351,243648.5838,80542.02153,226.990005,213.678329,13.241427
1039.228038,243649.6119,80542.5013,219.740005,213.6073,6.192796
1040.362567,243650.64,80542.98108,230.259995,213.590149,16.637621
1041.497095,243651.668,80543.46085,217.429993,213.441193,4.033297
1042.631624,243652.6961,80543.94063,218.179993,213.413391,4.751211
1043.766152,243653.7242,80544.4204,222.949997,213.175537,9.867525
1044.900681,243654.7523,80544.90018,223.259995,212.869995,10.268676
1046.035209,243655.7804,80545.37996,223.75,213.317154,10.490052
1047.169737,243656.8085,80545.85973,227.160004,213.35672,13.889831
1048.304266,243657.8366,80546.33951,227.929993,213.591125,14.311453
1049.438794,243658.8647,80546.81928,229.899994,213.693451,16.150694
1050.573323,243659.8928,80547.29906,231.259995,213.938858,17.222689
1051.707851,243660.9209,80547.77883,231.490005,214.011963,17.493053
1052.84238,243661.949,80548.25861,232.860001,214.175476,18.72201
1053.976908,243662.977,80548.73839,234.25,214.214447,19.986635
1055.111436,243664.0051,80549.21816,233.630005,213.960007,19.589527
1056.245965,243665.0332,80549.69794,235.229996,214,21.126835
1057.380493,243666.0613,80550.17771,233.410004,214.860001,18.673111
1058.515022,243667.0894,80550.65749,233.119995,214.73851,18.359644
1059.64955,243668.1175,80551.13726,235.690002,215.043182,20.797262
1060.784079,243669.1456,80551.61704,217.919998,215.125519,2.862239
1061.918607,243670.1737,80552.09681,230.369995,215.287674,15.070516
1063.053135,243671.2018,80552.57659,230.779999,215.39447,15.41845
1064.187664,243672.2299,80553.05637,226.389999,215.634872,10.782335
1065.322192,243673.2579,80553.53614,227.690002,215.680023,12.109913
1066.456721,243674.286,80554.01592,233.479996,215.84462,17.588387
1067.591249,243675.3141,80554.49569,233.059998,216.01918,17.041473
1068.725778,243676.3422,80554.97547,233.009995,216.125061,16.917675
1069.860306,243677.3703,80555.45524,219.059998,216.337494,2.657929
1070.994834,243678.3984,80555.93502,219.25,216.541992,2.683096
1072.129363,243679.4265,80556.41479,224.570007,217.098251,7.38856
1073.263891,243680.4546,80556.89457,234.460007,217.282288,17.030355
1074.39842,243681.4827,80557.37435,235.509995,217.742096,17.775772
1075.532948,243682.5108,80557.85412,235.759995,217.938934,17.887924
1076.667477,243683.5389,80558.3339,234.740005,218.267456,16.510216
1077.802005,243684.5669,80558.81367,224.399994,218.410004,5.904408
1078.936533,243685.595,80559.29345,223.360001,218.73468,4.608297
1080.071062,243686.6231,80559.77322,232.529999,218.669998,13.489731
1081.20559,243687.6512,80560.253,232.619995,219.365128,13.309795
1082.340119,243688.6793,80560.73277,231.559998,219.559998,12.092126
1083.474647,243689.7074,80561.21255,223.669998,220.085007,3.600576
1084.609176,243690.7355,80561.69233,224.729996,220.300003,4.315157
1085.743704,243691.7636,80562.1721,233.350006,220.700043,12.463253
1086.878232,243692.7917,80562.65188,232.990005,220.874466,12.019459
1088.012761,243693.8198,80563.13165,258.600006,221.348312,37.12812
1089.147289,243694.8479,80563.61143,258.410004,221.523895,37.001942
1090.281818,243695.8759,80564.0912,257.190002,221.997955,35.176907
1091.416346,243696.904,80564.57098,257,222.166901,34.689415
1092.550875,243697.9321,80565.05075,238.050003,222.670578,15.200558
1093.685403,243698.9602,80565.53053,237.960007,222.880005,15.176814
1094.819931,243699.9883,80566.01031,235.869995,222.98999,12.799465
1095.95446,243701.0164,80566.49008,244.070007,223.426468,20.656511
1097.088988,243702.0445,80566.96986,251.300003,223.554306,27.839088
1098.223517,243703.0726,80567.44963,251.240005,223.939926,27.371872
1099.358045,243704.1007,80567.92941,253.589996,224.001724,29.723927
1100.492574,243705.1288,80568.40918,246.029999,224.331802,21.793833
1101.627102,243706.1568,80568.88896,249.679993,224.393616,25.27585
1102.76163,243707.1849,80569.36874,250.75,224.740067,26.041443
1103.896159,243708.213,80569.84851,251.949997,224.8349,27.147985
1105.030687,243709.2411,80570.32829,252.360001,225.203644,27.083252
1106.165216,243710.2692,80570.80806,252.839996,225.326324,27.644785
1107.299744,243711.2973,80571.28784,251.809998,225.72319,26.162167
1108.434272,243712.3254,80571.76761,252.309998,225.818802,26.538807
1109.568801,243713.3535,80572.24739,251.889999,226.141708,25.741312
1110.703329,243714.3816,80572.72716,251.899994,226.253326,25.765354
1111.837858,243715.4097,80573.20694,251,226.56485,24.440434
1112.972386,243716.4378,80573.68672,251,226.653366,24.453783
1114.106915,243717.4658,80574.16649,250.970001,226.917282,24.001339
1115.241443,243718.4939,80574.64627,248.199997,227.001678,21.244638
1116.375971,243719.522,80575.12604,251.490005,227.29805,24.089384
1117.5105,243720.5501,80575.60582,248.110001,227.383331,20.784924
1118.645028,243721.5782,80576.08559,249.009995,227.708939,21.404102
1119.779557,243722.6063,80576.56537,249.850006,227.77417,22.202042
1120.914085,243723.6344,80577.04514,247.910004,228.037292,19.903492
1122.048614,243724.6625,80577.52492,248.360001,228.024292,20.372993
1123.183142,243725.6906,80578.0047,247.380005,228.224365,19.261332
1124.31767,243726.7187,80578.48447,248.380005,228.159378,20.231176
1125.452199,243727.7467,80578.96425,248.539993,228.254944,20.349615
1126.586727,243728.7748,80579.44402,247.860001,228.456406,19.362494
1127.721256,243729.8029,80579.9238,262.649994,228.395706,34.223236
1128.855784,243730.831,80580.40357,263.839996,228.533157,35.274975
1129.990313,243731.8591,80580.88335,264.339996,228.540359,35.742279
1131.124841,243732.8872,80581.36312,264.549988,228.618912,35.979382
1132.259369,243733.9153,80581.8429,264.649994,228.612747,36.042576
1133.393898,243734.9434,80582.32268,262.959991,228.80188,34.171181
1134.528426,243735.9715,80582.80245,263.630005,228.819397,34.775646
1134.528426,243735.9715,80582.80245,263.630005,228.819397,34.775646
1134.528426,243735.9715,80582.80245,263.630005,228.819397,34.775646
